OBJECTID;ID;NOM_PARC;ADRESS_SSC;ADRESS_GEO;ACCES_VL;Arrdt;DELEG;SITE_DELEG;TEL;H_PARC_CM;H2_PARC_CM;TYPE_PARC;HORAIRE_NA;ASC_SURF;ACCES_MOTO;ACCES_VELO;V_ELEC_CH;AUTOPART;DATE_TA;AB_1M_E;AB_1A_E;TARIF_PR;PR_1A_MINE;PR_1A_MAXE;TARIF_RES;TF_RES_1AE;DATE_TH;TF_15MN_E;TF_30MN_E;TF_1H_E;TF_1H30_E;TF_2H_E;TF_3H_E;TF_4H_E;TF_7H_E;TF_8H_E;TF_9H_E;TF_10H_E;TF_11H_E;TF_12H_E;TF_24H_E;NB_PL_PMR;ABPMR_1M_E;ABPMR_1T_E;ABPMR_1A_E;MIS_A_JOUR;ABVE_1M_E;ABVE_1T_E;ABVE_1A_E;NB_PL_MOTO;TMOTO_1EHE;ABMOTO_1ME;ABMOTO_1TE;ABMOTO_1AE;TVELO_1M_E;POINT_X;POINT_Y;ZONES_RES;TF_15MN_MO;TF_30MN_MO;TF_24H_MOT;TF_PR_MOTO;PR_1A_MINM;PR_1A_MAXM;TF_RES_MO;TF_RES_1AM;AB_1A_PATT;PARC_AMOD;geo_shape;geo_point_2d
3;150;BORDS DE SEINE FREYSSINET (RIVE GAUCHE);21 RUE ABEL GANCE;21 RUE ABEL GANCE;E1;13;INDIGO;WWW.PARKINDIGO.FR;01 53 60 16 80;190;;VISITEURS ET ABONNES;24h / 24;OUI;OUI;OUI;OUI;NON;42614;235;2350;OUI;1410;1880;NON;ND;42614;0,9;1,8;3,6;5,4;7,2;10,8;14,4;25,2;28,8;32,4;32,4;32,4;32,4;32,4;7;118;329;1175;2018-02-01;118;329;1175;16;1,2;82;230;823;10;653992.551;6859647.598;5F 12E 12F 13J 13K 13L 13M 13N 13P 13R 13S;0,3;0,6;10,8;OUI;493,5;658;NON;ND;2938;NON;"{""type"": ""Point"", ""coordinates"": [2.373221588101417, 48.83523833495664]}";48.835238335, 2.3732215881
1;23;ANVERS;41 BOULEVARD DE ROCHECHOUART;41 BOULEVARD DE ROCHECHOUART;E1;9;SAEMES;WWW.SAEMES.FR;01 42 81 05 11;190;;VISITEURS ET ABONNES;24h / 24;OUI;OUI;OUI;OUI;OUI;42736;224;2240;OUI;1247;1782;NON;ND;42736;0,95;1,85;3,65;5,5;7,3;10,95;14,6;25,55;29,2;32,85;32,85;32,85;32,85;32,85;11;112;319,2;1120;2018-02-01;112;319,2;1120;31;1,3;78,4;223,4;784;10;651920.8886;6864941.362;9E 9F 9G 10G 18F 18G 18H;0,35;0,7;11,7;OUI;436,59;623,7;NON;ND;2800;NON;"{""type"": ""Point"", ""coordinates"": [2.344400979214491, 48.88269330904313]}";48.882693309, 2.34440097921
20;166;FOCH;4, 37 ET 47 AVENUE FOCH;47 AVENUE FOCH;E3;16;SPIE AUTOCITE;WWW.AUTOCITE.FR;01 45 00 44 78;190;;VISITEURS ET ABONNES;24h / 24;OUI;OUI;OUI;OUI;NON;42370;295;2950;NON;ND;ND;OUI;2065;43101;2,2;3,3;4,4;6,6;8,8;13,2;17,6;30,8;35,2;39,6;44;44;44;44;8;147,5;413;1475;2018-02-01;147,5;413;1475;18;1,5;103,25;289,1;1032,5;10;647413.6823;6863787.569;TOUT PARIS;0,75;1,15;15,4;NON;ND;ND;OUI;722,75;3687,5;NON;"{""type"": ""Point"", ""coordinates"": [2.283087511144891, 48.871965318110014]}";48.8719653181, 2.28308751114
6;154;CARDINET;168 RUE CARDINET;168 RUE CARDINET;E1;17;SAEMES;WWW.SAEMES.FR;01 44 82 99 99;210;;ABONNES;POUR ABONNES;OUI;OUI;OUI;OUI;NON;43101;214,2;2184,8;OUI;1310,2;1747;NON;ND;ND;ND;ND;ND;ND;ND;ND;ND;ND;ND;ND;ND;ND;ND;ND;12;107;305;1092;2018-02-01;107;305;1092;16;ND;85,6;244;873;18,5;649924.9066;6865769.338;17K 17P 17R 17S 17T;ND;ND;ND;NON;ND;ND;NON;ND;2731;NON;"{""type"": ""Point"", ""coordinates"": [2.317087778877405, 48.88998686506249]}";48.8899868651, 2.31708777888
17;68;FIRMIN GEMIER;5 RUE FIRMIN GEMIER;5 RUE FIRMIN GEMIER;E1;18;SAEMES;WWW.SAEMES.FR;01 44 82 99 99;195;;ABONNES;POUR ABONNES;NON;OUI;NON;NON;NON;42917;ND;ND;NON;ND;ND;NON;ND;ND;ND;ND;ND;ND;ND;ND;ND;ND;ND;ND;ND;ND;ND;ND;0;ND;ND;ND;2018-02-01;ND;ND;ND;7;ND;54;150;586;ND;650879.9809;6866288.428;ND;ND;ND;ND;NON;ND;ND;NON;ND;1465;NON;"{""type"": ""Point"", ""coordinates"": [2.330052162620531, 48.89472840582793]}";48.8947284058, 2.33005216262
38;72;MAIRIE DU 17 EME;20 RUE DES BATIGNOLLES;20 RUE DES BATIGNOLLES;E1;17;SAEMES;WWW.SAEMES.FR;01 53 04 30 10;180;;VISITEURS ET ABONNES;08h / 22h45;OUI, MAIS TRAVAUX D'ACCESSIBILITE AUX HANDICAPES A REALISER;OUI;OUI;OUI;OUI;42917;225;2250;NON;ND;ND;NON;ND;42186;1;2;3,9;5,9;7,8;11,7;15,6;27,3;31,2;35,1;35,1;35,1;35,1;35,1;5;ND;ND;ND;2018-02-01;ND;ND;ND;37;1,4;90;243;900;15;650251.6766;6865168.888;ND;0,4;0,7;12,3;NON;ND;ND;OUI;675;2810;NON;"{""type"": ""Point"", ""coordinates"": [2.321614320614963, 48.88461257470296]}";48.8846125747, 2.32161432061
43;140;MARCEAU ETOILE;75 BIS AVENUE MARCEAU;75 BIS AVENUE MARCEAU;E1;16;Q PARK;WWW.Q-PARK.FR;01 40 70 10 10;190;;VISITEURS ET ABONNES;24h / 24;OUI;OUI;NON;OUI;NON;43101;315;3045;NON;ND;ND;OUI;2100;43101;1,3;2,6;5,2;7,8;10,4;15,6;20,8;36,4;41,6;41,6;41,6;41,6;41,6;41,6;10;ND;ND;ND;2018-02-01;125;ND;1500;10;ND;145;410;1150;ND;648415.6377;6863722.081;8E 8F 8G 8H 8J 16E 16F 16G 16H 16I 16J 17E;ND;ND;ND;NON;ND;ND;NON;ND;4561;NON;"{""type"": ""Point"", ""coordinates"": [2.296754452263768, 48.871457432883716]}";48.8714574329, 2.29675445226
40;97;MANDEL 1 (SURFACE);2 AVENUE GEORGES MANDEL;2 AVENUE GEORGES MANDEL;E1;16;SAEMES;WWW.SAEMES.FR;01 44 82 99 99;200;;ABONNES;POUR ABONNES;ACCESSIBLE DE PLAIN PIED;NON;OUI;NON;NON;43101;135;1350;OUI;810;1080;NON;ND;ND;ND;ND;ND;ND;ND;ND;ND;ND;ND;ND;ND;ND;ND;ND;3;67,5;192,5;675;2018-02-01;67,5;192,5;675;0;ND;ND;ND;ND;ND;647604.8023;6862821.675;16F 16G 16H 16I 16J 16K 16L 16M 16N 16P;ND;ND;ND;NON;ND;ND;NON;ND;ND;NON;"{""type"": ""Point"", ""coordinates"": [2.285812016954334, 48.86329485145157]}";48.8632948515, 2.28581201695
44;156;MARIGNY CHATEAU;10 COURS MARIGNY;10 COURS MARIGNY;E1;12;INDIGO;WWW.PARKINDIGO.FR;01 43 74 96 43;190;;VISITEURS ET ABONNES;24h / 24;PREVU;OUI;OUI;OUI;NON;43101;105;1050;NON;ND;ND;NON;ND;43101;0,4;0,8;1,65;2,45;3,3;4,95;6,6;11,55;13,2;14,85;14,85;14,85;14,85;14,85;12;52,5;141,5;525;2018-02-01;52,5;141,5;525;57;0,55;35;94,5;350;10;658875.9515;6860729.828;ND;0,1;0,25;4,95;NON;ND;ND;NON;ND;1310;NON;"{""type"": ""Point"", ""coordinates"": [2.439643170562296, 48.84530105257913]}";48.8453010526, 2.43964317056
49;170;MONTPARNASSE;120 ET 141 BOULEVARD MONTPARNASSE;141 BOULEVARD DU MONTPARNASSE;E2;6;INDIGO;WWW.PARKINDIGO.FR;01 45 48 43 30;190;;VISITEURS ET ABONNES;24h / 24;NON;OUI;OUI;NON;NON;42583;209;2174;NON;ND;ND;NON;ND;42614;1,1;2,2;4,4;6,6;8,8;13,2;17,6;30,8;35,2;39,6;39,6;39,6;39,6;39,6;0;ND;ND;ND;2018-02-01;ND;ND;1087;33;ND;79;225;822;ND;651032.7565;6860328.379;ND;ND;ND;ND;NON;ND;ND;NON;ND;2714;NON;"{""type"": ""Point"", ""coordinates"": [2.332822588799688, 48.8411425363487]}";48.8411425363, 2.3328225888
94;25;LOBAU;2 TER ET 5 TER RUE DE LOBAU;2 TER RUE DE LOBAU;E1;4;INDIGO;WWW.PARKINDIGO.FR;01 42 77 88 53;190;;VISITEURS ET ABONNES;24h / 24;OUI, MAIS TRAVAUX D'ACCESSIBILITE AUX HANDICAPES A REALISER;OUI;OUI;OUI;OUI;42583;266;2660;OUI;1597,5;2130;NON;ND;42552;1,15;2,3;4,6;6,9;9,2;13,8;18,4;32,2;36,8;39,6;39,6;39,6;39,6;39,6;17;133;373;1330;2018-02-01;133;373;1330;132;1,6;93;261;931;14;;;1E 2E 3E 4E 5G 5J 6E 11G 34F;0,4;0,8;13,6;OUI;558,6;744,8;NON;ND;3413;NON;"{""type"": ""Point"", ""coordinates"": [2.353197422201695, 48.855470409134355]}";48.8554704091, 2.3531974222
21;157;FREMICOURT;15 RUE FRÉMICOURT;15 RUE FREMICOURT;E1;15;INDIGO;WWW.PARKINDIGO.FR;01 45 48 43 30;210;;ABONNES;POUR ABONNES;OUI;OUI;NON;OUI;NON;42614;203;2111;OUI;1266,6;1688,8;NON;ND;ND;ND;ND;ND;ND;ND;ND;ND;ND;ND;ND;ND;ND;ND;ND;5;101,5;289,3;1055,5;2018-02-01;101,5;289,3;1055,5;31;ND;71;202,4;738,4;11;648429.666;6861044.583;15E 15F 15G 15K 15L 15M 15P;ND;ND;ND;NON;ND;ND;NON;ND;2746;NON;"{""type"": ""Point"", ""coordinates"": [2.297270532268938, 48.84738027335018]}";48.8473802734, 2.29727053227
22;118;GENERAL BEURET;31 RUE DU GÉNÉRAL BEURET;31 RUE DU GENERAL BEURET;E1;15;SAEMES;WWW.SAEMES.FR;01 44 82 99 99;185;;ABONNES;POUR ABONNES;NON;OUI;NON;NON;NON;42917;ND;ND;NON;ND;ND;NON;ND;ND;ND;ND;ND;ND;ND;ND;ND;ND;ND;ND;ND;ND;ND;ND;0;ND;ND;ND;2018-02-01;ND;ND;ND;0;ND;ND;ND;ND;ND;648791.7875;6860241.688;ND;ND;ND;ND;NON;ND;ND;NON;ND;1678;NON;"{""type"": ""Point"", ""coordinates"": [2.302301435486304, 48.840188747594375]}";48.8401887476, 2.30230143549
91;44;SAINT MARTIN;43 TER RUE SAINT MARTIN;43 TER RUE SAINT MARTIN;E1;3;INDIGO;WWW.PARKINDIGO.FR;01 42 74 16 00;190;;VISITEURS ET ABONNES;24h / 24;OUI, MAIS TRAVAUX D'ACCESSIBILITE AUX HANDICAPES A REALISER;OUI;NON;NON;NON;42583;309;3091;NON;ND;ND;NON;ND;42614;1,1;2,2;4,4;6,6;8,8;13,2;17,6;30,8;35,2;39,6;39,6;39,6;39,6;39,6;4;ND;ND;ND;2018-02-01;ND;ND;ND;34;ND;128;363;1326;ND;;;ND;ND;ND;ND;NON;ND;ND;NON;ND;ND;NON;"{""type"": ""Point"", ""coordinates"": [2.357016882301218, 48.86858904642135]}";48.8685890464, 2.3570168823
90;106;GRENIER SAINT LAZARE;20 TER RUE DU GRENIER SAINT LAZARE;20 TER RUE DU GRENIER SAINT LAZARE;E1;3;INDIGO;WWW.PARKINDIGO.FR;Sans objet;180;;ABONNES;POUR ABONNES;NON;NON;NON;NON;NON;42583;ND;ND;NON;ND;ND;NON;ND;ND;ND;ND;ND;ND;ND;ND;ND;ND;ND;ND;ND;ND;ND;ND;0;ND;ND;ND;2018-02-01;ND;ND;ND;0;ND;ND;ND;ND;ND;;;ND;ND;ND;ND;NON;ND;ND;NON;ND;ND;NON;"{""type"": ""Point"", ""coordinates"": [2.35343649847067, 48.86300738170493]}";48.8630073817, 2.35343649847
138;125;CHAMPS ELYSEES PIERRE CHARRON;67 TER RUE PIERRE CHARRON;67 TER RUE PIERRE CHARRON;E1;8;INDIGO;WWW.PARKINDIGO.FR;01 40 74 09 60;195;;VISITEURS ET ABONNES;24h / 24;OUI;OUI;OUI;OUI;NON;42583;288;2927;OUI;1756,2;2341,6;NON;ND;42614;1,2;2,4;4,8;7,2;9,6;14,4;19,2;33,6;38,4;39,6;39,6;39,6;39,6;39,6;8;144;388;1463,5;2018-02-01;144;388;1463,5;0;1,6;100;270;1021;10,2;;;7E 7G 8E 8F 8H 16G 16H 16I 16K;0,4;0,8;13,6;OUI;612,6;816,8;NON;ND;6207;NON;"{""type"": ""Point"", ""coordinates"": [2.304451541315513, 48.870218252672394]}";48.8702182527, 2.30445154132
146;171;HAUSSMANN BERRI;163 TER ET 164 TER BOULEVARD HAUSSMANN;164 TER BOULEVARD HAUSSMANN;E2;8;INDIGO;WWW.PARKINDIGO.FR;01 45 63 94 62;190;;VISITEURS ET ABONNES;24h / 24;NON;OUI;NON;NON;NON;42583;285;2844;NON;ND;ND;OUI;1990,8;42614;1,2;2,4;4,8;7,2;9,6;14,4;19,2;33,6;38,4;39,6;39,6;39,6;39,6;39,6;3;ND;ND;ND;2018-02-01;ND;ND;1422;24;ND;ND;317;ND;ND;;;8E 8F 8G 8H 8J 8K 8L 17E 17H 17J 17K 17L 17P 17R;ND;ND;ND;NON;ND;ND;NON;ND;3243,6;NON;"{""type"": ""Point"", ""coordinates"": [2.309660188776892, 48.87521819882782]}";48.8752181988, 2.30966018878
147;15;HOCHE;14 QUATER ET 29 TER AVENUE HOCHE;14 QUATER AVENUE HOCHE;E1;8;INDIGO;WWW.PARKINDIGO.FR;01 42 25 75 47;190;;VISITEURS ET ABONNES;24h / 24;OUI;OUI;NON;NON;NON;42583;295;3068;NON;ND;ND;NON;ND;42614;1,2;2,4;4,8;7,2;9,6;14,4;19,2;33,6;38,4;39,6;39,6;39,6;39,6;39,6;10;ND;ND;ND;2018-02-01;ND;ND;1539;13;ND;171;487;1778;ND;;;ND;ND;ND;ND;NON;ND;ND;NON;ND;3224;NON;"{""type"": ""Point"", ""coordinates"": [2.302145474168685, 48.87694342129356]}";48.8769434213, 2.30214547417
105;9;POLYTECHNIQUE;13 BIS RUE JACQUES-HENRI LARTIGUE;13 BIS RUE JACQUES HENRI LARTIGUE;E1;5;SAEMES;WWW.SAEMES.FR;01 44 82 99 99;190;;ABONNES;POUR ABONNES;NON;NON;NON;NON;NON;42917;ND;ND;NON;ND;ND;NON;ND;ND;ND;ND;ND;ND;ND;ND;ND;ND;ND;ND;ND;ND;ND;ND;0;ND;ND;ND;2018-02-01;ND;ND;ND;13;ND;88;257;981;ND;;;ND;ND;ND;ND;NON;ND;ND;NON;ND;2452;NON;"{""type"": ""Point"", ""coordinates"": [2.350911003621034, 48.846970800118015]}";48.8469708001, 2.35091100362
111;160;SAINT GERMAIN (GARAGE);169 TER BOULEVARD SAINT GERMAIN;169 TER BOULEVARD SAINT GERMAIN;E1;6;INDIGO;WWW.PARKINDIGO.FR;01 45 49 18 55;190;;ABONNES;POUR ABONNES;OUI;OUI;NON;NON;NON;42728;325;3250;OUI;1950;2600;NON;ND;ND;ND;ND;ND;ND;ND;ND;ND;ND;ND;ND;ND;ND;ND;ND;0;162,5;455;1625;2018-02-01;162,5;455;1625;0;ND;ND;ND;ND;10;;;1E 4E 5E 5H 5J 6E 6F 6G 7L 7M 7N;ND;ND;ND;NON;ND;ND;NON;ND;4358;NON;"{""type"": ""Point"", ""coordinates"": [2.331094875674931, 48.85411090628743]}";48.8541109063, 2.33109487567
170;51;PORTE D ORLEANS;7 RUE DE LA LÉGION ETRANGÈRE - 10 AVENUE DE LA PORTE D'ORLÉANS;7 RUE DE LA LEGION ETRANGERE;E1;14;SAEMES;WWW.SAEMES.FR;01 40 52 09 20;185;260;VISITEURS ET ABONNES;24h / 24;OUI, MAIS TRAVAUX D'ACCESSIBILITE AUX HANDICAPES A REALISER;OUI;OUI;OUI;OUI;42736;140;1400;OUI;840;Comptant;OUI;392;42736;0,8;1,6;3,25;4,85;6,5;9,75;13;22,75;26;29,25;29,25;29,25;29,25;29,25;14;ND;ND;ND;2018-02-01;70;196;700;24;1,15;ND;ND;ND;ND;;;TOUT PARIS;0,3;0,6;10,35;OUI;294;ND;NON;Annuel;1820;NON;"{""type"": ""Point"", ""coordinates"": [2.324618857890207, 48.820870760956694]}";48.820870761, 2.32461885789
153;61;ROND POINT DES CHAMPS ELYSEES;2/M ROND-POINT DES CHAMPS ÉLYSÉES-MARCEL DASSAULT;2 M ROND POINT DES CHAMPS ELYSEES MARCEL DASSAULT;E1;8;INDIGO;WWW.PARKINDIGO.FR;01 42 25 04 83;190;;VISITEURS ET ABONNES;24h / 24;OUI, MAIS TRAVAUX D'ACCESSIBILITE AUX HANDICAPES A REALISER;OUI;OUI;OUI;NON;42583;260;2704;NON;ND;ND;OUI;1892,8;42614;1,2;2,4;4,8;7,2;9,6;14,4;19,2;33,6;38,4;39,6;39,6;39,6;39,6;39,6;12;130;370,5;1352;2018-02-01;130;370,5;1352;35;1,6;91;259,4;947;12,4;;;ND;0,4;0,8;13,6;NON;ND;ND;NON;ND;3256,9;NON;"{""type"": ""Point"", ""coordinates"": [2.310777751948275, 48.86961490093039]}";48.8696149009, 2.31077775195
68;87;SAINT JACQUES 1 (SURFACE);83 BOULEVARD SAINT JACQUES;83 BOULEVARD SAINT JACQUES;E1;14;SAEMES;WWW.SAEMES.FR;01 44 82 99 99;200;;ABONNES;POUR ABONNES;ACCESSIBLE DE PLAIN PIED;NON;OUI;OUI;OUI;43101;105,2;1052;OUI;631;841;NON;ND;ND;ND;ND;ND;ND;ND;ND;ND;ND;ND;ND;ND;ND;ND;ND;2;52,6;150;526;2018-02-01;52,6;150;526;0;ND;ND;ND;ND;ND;651085.6278;6859479.363;5E 6G 13G 13H 14H 14J 14K 14L 14M 14N 14P;ND;ND;ND;NON;ND;ND;NON;ND;ND;NON;"{""type"": ""Point"", ""coordinates"": [2.333640542426452, 48.83351131678849]}";48.8335113168, 2.33364054243
124;185;JOFFRE;2 TER ET 6 TER PLACE JOFFRE, 14 AVENUE FRÉDÉRIC LE PLAY;14 AVENUE FREDERIC LE PLAY;E3;7;INDIGO;WWW.PARKINDIGO.FR;01 45 48 43 30;190;;VISITEURS ET ABONNES;24h / 24;ACCESSIBLE DE PLAIN PIED;OUI;OUI;NON;OUI;42370;191;1986;NON;ND;ND;NON;ND;42736;1,15;2,3;4,6;6,9;9,2;13,8;18,4;32,2;36,8;39,6;39,6;39,6;39,6;39,6;1;95,5;272;993;2018-02-01;95,5;272;993;19;1,6;76;218;799;10;;;ND;0,4;0,8;13,6;NON;ND;ND;NON;ND;3110;NON;"{""type"": ""Point"", ""coordinates"": [2.304433111495555, 48.85399558606722]}";48.8539955861, 2.3044331115
98;116;RIVOLI SEBASTOPOL;5 TER RUE PERNELLE;5 TER RUE PERNELLE;E1;4;SAEMES;WWW.SAEMES.FR;01 42 72 29 93;185;;VISITEURS ET ABONNES;24h / 24;NON;OUI;OUI;OUI;NON;42917;245;2450;NON;ND;ND;OUI;1715;43101;1,05;2,1;4,2;6,3;8,4;12,6;16,8;29,4;33,6;37,8;37,8;37,8;37,8;37,8;3;ND;ND;ND;2018-02-01;122;312;1225;17;1,5;98;250;980;ND;;;1E 2E 3E 4E 34F 5G 5J;0,4;0,75;13,5;NON;ND;ND;OUI;735;3271;NON;"{""type"": ""Point"", ""coordinates"": [2.349582985536994, 48.858508431034]}";48.858508431, 2.34958298554
127;93;ORSAY 2 (SURFACE);71/M QUAI D'ORSAY;71 M QUAI D ORSAY;E1;7;SAEMES;WWW.SAEMES.FR;01 44 82 99 99;200;;ABONNES;POUR ABONNES;ACCESSIBLE DE PLAIN PIED;NON;OUI;OUI;OUI;43101;135;1350;OUI;810;1080;NON;ND;ND;ND;ND;ND;ND;ND;ND;ND;ND;ND;ND;ND;ND;ND;ND;1;67,5;192,5;675;2018-02-01;67,5;192,5;675;0;ND;ND;ND;ND;ND;;;7E 7F 7G 7J 7L 7M 8E 16H;ND;ND;ND;NON;ND;ND;NON;ND;ND;NON;"{""type"": ""Point"", ""coordinates"": [2.305609993370585, 48.862373019597136]}";48.8623730196, 2.30560999337
7;11;CARNOT;16 AVENUE CARNOT;16 AVENUE CARNOT;E1;17;INDIGO;WWW.PARKINDIGO.FR;01 40 68 91 61;190;;VISITEURS ET ABONNES;24h / 24;OUI;OUI;NON;OUI;NON;42583;248;2579;NON;ND;ND;NON;ND;42736;1,05;2,1;4,2;6,3;8,4;12,6;16,8;29,4;33,6;37,8;37,8;37,8;37,8;37,8;6;124;353;1290;2018-02-01;124;353;1290;10;1,2;86,8;247,5;902,7;10;648169.0566;6864238.146;ND;0,3;0,6;10,8;NON;ND;ND;NON;ND;3224;NON;"{""type"": ""Point"", ""coordinates"": [2.293330048736947, 48.87607845824766]}";48.8760784582, 2.29333004874
8;105;CARPEAUX;7 RUE CARPEAUX;7 RUE CARPEAUX;E1;18;SAEMES;WWW.SAEMES.FR;01 44 82 99 99;190;;ABONNES;POUR ABONNES;NON;OUI;NON;NON;NON;42917;ND;ND;NON;ND;ND;NON;ND;ND;ND;ND;ND;ND;ND;ND;ND;ND;ND;ND;ND;ND;ND;ND;0;ND;ND;ND;2018-02-01;ND;ND;ND;5;ND;71;190;688;ND;650857.805;6865802.806;ND;ND;ND;ND;NON;ND;ND;NON;ND;1719;NON;"{""type"": ""Point"", ""coordinates"": [2.329805934836366, 48.89035971288383]}";48.8903597129, 2.32980593484
13;73;DAMREMONT;73 RUE DAMREMONT;73 RUE DAMREMONT;E1;18;SAEMES;WWW.SAEMES.FR;01 44 82 99 99;220;;ABONNES;POUR ABONNES;NON;OUI;NON;NON;OUI;42917;ND;ND;NON;ND;ND;NON;ND;ND;ND;ND;ND;ND;ND;ND;ND;ND;ND;ND;ND;ND;ND;ND;0;ND;ND;ND;2018-02-01;ND;ND;ND;8;ND;ND;216;816;ND;651292.9268;6866078.355;ND;ND;ND;ND;NON;ND;ND;NON;ND;2040;NON;"{""type"": ""Point"", ""coordinates"": [2.335708167550798, 48.89287067974816]}";48.8928706797, 2.33570816755
14;122;DELESSERT;11 RUE BEETHOVEN;11 RUE BEETHOVEN;E1;16;SAEMES;WWW.SAEMES.FR;01 44 82 99 99;195;;ABONNES;POUR ABONNES;NON;NON;NON;NON;NON;42917;ND;ND;NON;ND;ND;NON;ND;ND;ND;ND;ND;ND;ND;ND;ND;ND;ND;ND;ND;ND;ND;ND;0;ND;ND;ND;2018-02-01;ND;ND;ND;0;ND;ND;ND;ND;ND;647689.2286;6862298.975;ND;ND;ND;ND;NON;ND;ND;NON;ND;3133;NON;"{""type"": ""Point"", ""coordinates"": [2.287027081706126, 48.858601170072724]}";48.8586011701, 2.28702708171
23;69;GOUTTE D OR;10 RUE DE LA GOUTTE D'OR;10 RUE DE LA GOUTTE D OR;E1;18;SAEMES;WWW.SAEMES.FR;01 42 62 78 71;190;;VISITEURS ET ABONNES;24h / 24;OUI, MAIS TRAVAUX D'ACCESSIBILITE AUX HANDICAPES A REALISER;OUI;OUI;OUI;NON;42917;119;1250;NON;ND;ND;OUI;875;43070;0,85;1,7;3,4;5,1;6,8;10,2;13,6;23,8;27,2;30,6;30,6;30,6;30,6;30,6;0;ND;ND;ND;2018-02-01;59,5;165;625;9;ND;47,6;132;500;ND;652631.4909;6865202.288;9F 10G 18F 18G 18H 18J 18L 18N 19G;ND;ND;ND;NON;ND;ND;OUI;375;1750;NON;"{""type"": ""Point"", ""coordinates"": [2.354061097827482, 48.885092393342504]}";48.8850923933, 2.35406109783
25;91;GRENELLE 2 (SURFACE);19 BOULEVARD DE GRENELLE;19 BOULEVARD DE GRENELLE;E1;15;SAEMES;WWW.SAEMES.FR;01 44 82 99 99;200;;ABONNES;POUR ABONNES;ACCESSIBLE DE PLAIN PIED;NON;OUI;NON;OUI;43101;105,2;1052;OUI;631;841;NON;ND;ND;ND;ND;ND;ND;ND;ND;ND;ND;ND;ND;ND;ND;ND;ND;1;52,6;150;526;2018-02-01;52,6;150;526;0;ND;ND;ND;ND;ND;647913.7308;6861725.905;7E 7F 7H 15E 15F 15L 15M 15P 16P 16T;ND;ND;ND;NON;ND;ND;NON;ND;ND;NON;"{""type"": ""Point"", ""coordinates"": [2.290156996499412, 48.85346582989744]}";48.8534658299, 2.2901569965
27;136;HENRI MARTIN 1 (SURFACE);95 AVENUE HENRI MARTIN;95 AVENUE HENRI MARTIN;E1;16;SAEMES;WWW.SAEMES.FR;01 44 82 99 99;200;;ABONNES;POUR ABONNES;ACCESSIBLE DE PLAIN PIED;NON;OUI;NON;NON;43101;141,5;1415;OUI;849;1132;NON;ND;ND;ND;ND;ND;ND;ND;ND;ND;ND;ND;ND;ND;ND;ND;ND;1;70,7;202;707;2018-02-01;70,7;202;707;0;ND;ND;ND;ND;ND;646677.7464;6862910.229;16J 16K 16L 16M 16N 16P 16R 16S;ND;ND;ND;NON;ND;ND;NON;ND;ND;NON;"{""type"": ""Point"", ""coordinates"": [2.273165108941483, 48.864015124613395]}";48.8640151246, 2.27316510894
30;98;LECOURBE (SURFACE);37 BOULEVARD GARIBALDI;37 BOULEVARD GARIBALDI;E1;15;SAEMES;WWW.SAEMES.FR;01 44 82 99 99;200;;ABONNES;POUR ABONNES;ACCESSIBLE DE PLAIN PIED;NON;OUI;OUI;OUI;43101;105,2;1052;OUI;631;841;NON;ND;ND;ND;ND;ND;ND;ND;ND;ND;ND;ND;ND;ND;ND;ND;ND;2;52,6;150;526;2018-02-01;52,6;150;526;0;ND;ND;ND;ND;ND;649107.7062;6860961.019;6F 7F 7H 7J 7K 7M 7N 15F 15G 15H 15J 15K 15L 15R;ND;ND;ND;NON;ND;ND;NON;ND;ND;NON;"{""type"": ""Point"", ""coordinates"": [2.306519452041374, 48.84668269490299]}";48.8466826949, 2.30651945204
35;180;MAINE BASCH ALESIA;204 ET 205  AVENUE DU MAINE;205 AVENUE DU MAINE;E2;14;INDIGO;WWW.PARKINDIGO.FR;01 43 20 56 99;185;;VISITEURS ET ABONNES;24h / 24;OUI;OUI;OUI;OUI;OUI;42583;193;2007;NON;ND;ND;NON;ND;42736;1,05;2,1;4,2;6,3;8,4;12,6;16,8;29,4;33,6;37,8;37,8;37,8;37,8;37,8;10;96,5;275;1004;2018-02-01;96,5;275;1004;48;1,2;68;194;707;10;650573.9074;6858962.482;ND;0,3;0,6;10,8;NON;ND;ND;NON;ND;2509;NON;"{""type"": ""Point"", ""coordinates"": [2.3267297596816983, 48.82882391859021]}";48.8288239186, 2.32672975968
36;33;MAIRIE DU 14 EME;8 RUE CHARLES DIVRY;8 RUE CHARLES DIVRY;E1;14;SAEMES;WWW.SAEMES.FR;ND;190;;ABONNES;POUR ABONNES;NON;NON;NON;NON;NON;42813;250;2500;OUI;1500;2000;NON;ND;ND;ND;ND;ND;ND;ND;ND;ND;ND;ND;ND;ND;ND;ND;ND;0;ND;ND;ND;2018-02-01;125;356,5;1250;0;ND;ND;ND;ND;ND;650634.6318;6859442.353;14H 14J 14L 14M 14N 14P;ND;ND;ND;NON;ND;ND;NON;ND;3125;NON;"{""type"": ""Point"", ""coordinates"": [2.327501223114382, 48.83314409585461]}";48.8331440959, 2.32750122311
41;149;MANDEL 2 (SURFACE);69 AVENUE GEORGES MANDEL;69 AVENUE GEORGES MANDEL;E1;16;SAEMES;WWW.SAEMES.FR;01 44 82 99 99;200;;ABONNES;POUR ABONNES;ACCESSIBLE DE PLAIN PIED;NON;OUI;NON;OUI;43101;135;1350;OUI;810;1080;NON;ND;ND;ND;ND;ND;ND;ND;ND;ND;ND;ND;ND;ND;ND;ND;ND;2;67,5;192,5;675;2018-02-01;67,5;192,5;675;0;ND;ND;ND;ND;ND;647000.6554;6862887.529;16F 16G 16H 16I 16J 16K 16L 16M 16N 16P;ND;ND;ND;NON;ND;ND;NON;ND;ND;NON;"{""type"": ""Point"", ""coordinates"": [2.277569261485475, 48.86383763695142]}";48.863837637, 2.27756926149
47;45;MONTHOLON;3 RUE MAYRAN;3 RUE MAYRAN;E1;9;INDIGO;WWW.PARKINDIGO.FR;01 42 85 37 57;190;;VISITEURS ET ABONNES;24h / 24;OUI;OUI;OUI;OUI;OUI;42614;235;2350;OUI;1233,75;1645;NON;ND;42339;0,95;1,9;3,8;5,7;7,6;11,4;15,2;26,6;30,4;34,2;34,2;34,2;34,2;34,2;9;118;329;1175;2018-02-01;118;329;1175;39;1,3;109;383;1089;10;652017.6411;6864292.845;9E 9F 9G 10F 10G;0,35;0,7;11,7;OUI;432;576;NON;ND;3111;NON;"{""type"": ""Point"", ""coordinates"": [2.345793483748113, 48.87686859931956]}";48.8768685993, 2.34579348375
51;16;PASSY;82 RUE DE PASSY;82 RUE DE PASSY;E1;16;INDIGO;WWW.PARKINDIGO.FR;01 45 24 25 09;190;;VISITEURS ET ABONNES;24h / 24;OUI;OUI;OUI;OUI;NON;42583;363;3775;OUI;2265;3020;NON;ND;42583;1,05;2,1;4,2;6,3;8,4;12,6;16,8;29,4;33,6;37,8;37,8;37,8;37,8;37,8;8;181,5;517;1888;2018-02-01;181,5;517;1888;14;1,2;127;362;1321;16,8;646845.0612;6862266.137;16K 16L 16M 16N 16P 16R 16S 16T 16U;0,3;0,6;10,8;OUI;792,75;1057;NON;ND;5335;NON;"{""type"": ""Point"", ""coordinates"": [2.275526196273249, 48.85823677015599]}";48.8582367702, 2.27552619627
52;141;PASTEUR 1 (SURFACE);40 BOULEVARD PASTEUR;40 BOULEVARD PASTEUR;E1;15;SAEMES;WWW.SAEMES.FR;01 44 82 99 99;200;;ABONNES;POUR ABONNES;ACCESSIBLE DE PLAIN PIED;NON;OUI;OUI;NON;43101;105,2;1052;OUI;631;841;NON;ND;ND;ND;ND;ND;ND;ND;ND;ND;ND;ND;ND;ND;ND;ND;ND;1;52,6;150;526;2018-02-01;52,6;150;526;0;ND;ND;ND;ND;ND;649580.4243;6860415.569;6F 7K 7N 14M 14N 15G 15H 15J 15K 15R;ND;ND;ND;NON;ND;ND;NON;ND;ND;NON;"{""type"": ""Point"", ""coordinates"": [2.313025249619883, 48.84181464393616]}";48.8418146439, 2.31302524962
84;41;HARLAY (PONT NEUF);40 BIS QUAI DES ORFÈVRES;40 BIS QUAI DES ORFEVRES;E1;1;INDIGO;WWW.PARKINDIGO.FR;01 46 33 97 48;190;;VISITEURS ET ABONNES;24h / 24;OUI, MAIS TRAVAUX D'ACCESSIBILITE AUX HANDICAPES A REALISER;OUI;OUI;NON;OUI;42583;246;2558;NON;ND;ND;OUI;1790,6;42614;1,1;2,2;4,4;6,6;8,8;13,2;17,6;30,8;35,2;39,6;39,6;39,6;39,6;39,6;7;ND;ND;ND;2018-02-01;123;350,55;1279;61;ND;89;253,5;925,6;ND;;;1E 34F 4E 5G 5H 5J 6E;ND;ND;ND;NON;ND;ND;NON;ND;2992;NON;"{""type"": ""Point"", ""coordinates"": [2.342773091449471, 48.85565848878775]}";48.8556584888, 2.34277309145
85;46;LOUVRE SAMARITAINE;7 PLACE DU LOUVRE;7 PLACE DU LOUVRE;E1;1;SPIE AUTOCITE;WWW.AUTOCITE.FR;01 42 60 19 14;190;;VISITEURS ET ABONNES;24h / 24;OUI;OUI;OUI;OUI;NON;42736;270;2700;OUI;1036,8;2160;NON;ND;43101;1,1;2,2;4,4;6,6;8,8;13,2;17,6;30,8;35,2;39,6;39,6;39,6;39,6;39,6;13;135;376,5;1350;2018-02-01;135;376,5;1350;43;1,5;94,5;263,5;945;10;;;1E;0,4;0,8;13,5;OUI;362,9;756;NON;ND;3375;NON;"{""type"": ""Point"", ""coordinates"": [2.341282707608166, 48.8621266179414]}";48.8621266179, 2.34128270761
87;177;PYRAMIDES;14 TER ET 29 TER RUE DES PYRAMIDES;29 TER RUE DES PYRAMIDES;E2;1;SAEMES;WWW.SAEMES.FR;01 47 03 02 88;190;;VISITEURS ET ABONNES;24h / 24;OUI;OUI;OUI;OUI;NON;42979;270;2727;OUI;1500;2000;NON;ND;42979;1;2;4;6;8;12;16;28;32;36;36;36;36;36;16;135;371,5;1363,5;2018-02-01;135;371,5;1363,5;46;1,4;94,5;260,05;954,45;10;;;1E 2E;0,35;0,7;12,6;OUI;525;700;NON;ND;3408,7;NON;"{""type"": ""Point"", ""coordinates"": [2.333777698372947, 48.866242960394615]}";48.8662429604, 2.33377769837
88;147;SEBASTOPOL;37 TER BOULEVARD SÉBASTOPOL;37 TER BOULEVARD SEBASTOPOL;E1;1;INDIGO;WWW.PARKINDIGO.FR;01 40 13 00 65;190;;VISITEURS ET ABONNES;24h / 24;OUI, MAIS TRAVAUX D'ACCESSIBILITE AUX HANDICAPES A REALISER;OUI;NON;OUI;NON;42583;245;2448;NON;ND;ND;OUI;1714;42614;1,1;2,2;4,4;6,6;8,8;13,2;17,6;30,8;35,2;39,6;39,6;39,6;39,6;39,6;12;ND;ND;ND;2018-02-01;123;318;1224;72;ND;72;206;728;ND;;;1E 2E 3E 4E;ND;ND;ND;NON;ND;ND;NON;ND;3178;NON;"{""type"": ""Point"", ""coordinates"": [2.34937911467182, 48.86101522004842]}";48.86101522, 2.34937911467
89;6;VENDOME;26 TER PLACE VENDÔME;26 TER PLACE VENDOME;E1;1;INDIGO;WWW.PARKINDIGO.FR;01 42 60 50 00;190;;VISITEURS ET ABONNES;24h / 24;OUI;OUI;NON;NON;NON;42583;294;3040;NON;ND;ND;OUI;2128;42614;1,2;2,4;4,8;7,2;9,6;14,4;19,2;33,6;38,4;39,6;39,6;39,6;39,6;39,6;30;ND;ND;ND;2018-02-01;ND;ND;1520;0;1,6;76,5;218;795,6;ND;;;1E 2E 6E 7L 8E 8H 8K 9G;0,4;0,8;13,6;NON;ND;ND;NON;ND;3953;NON;"{""type"": ""Point"", ""coordinates"": [2.3301979075673183, 48.8678975600126]}";48.86789756, 2.33019790757
93;7;HOTEL DE VILLE;6 TER QUAI DE GESVRES;6 TER QUAI DE GESVRES;E1;4;SAEMES;WWW.SAEMES.FR;01 42 71 51 96;180;;VISITEURS ET ABONNES;24h / 24;OUI;OUI;OUI;OUI;NON;42917;267;2670;OUI;1597,5;2130;NON;ND;42705;1,05;2,1;4,2;6,3;8,4;12,6;16,8;29,4;33,6;37,8;37,8;37,8;37,8;37,8;10;133,5;380;1335;2018-02-01;133,5;380;1335;79;1,4;93,45;266,35;934,5;16;;;1E 2E 3E 4E 34F 5G 5J 6E 11G;0,4;0,7;13,2;NON;ND;ND;NON;ND;3471;NON;"{""type"": ""Point"", ""coordinates"": [2.34975041248609, 48.85655153551619]}";48.8565515355, 2.34975041249
95;183;LOBAU;2 TER ET 5 TER RUE DE LOBAU;5 TER RUE DE LOBAU;E2;4;INDIGO;WWW.PARKINDIGO.FR;01 42 77 88 53;190;;VISITEURS ET ABONNES;24h / 24;OUI, MAIS TRAVAUX D'ACCESSIBILITE AUX HANDICAPES A REALISER;OUI;OUI;OUI;OUI;42583;266;2660;OUI;1597,5;2130;NON;ND;42552;1,15;2,3;4,6;6,9;9,2;13,8;18,4;32,2;36,8;39,6;39,6;39,6;39,6;39,6;17;133;373;1330;2018-02-01;133;373;1330;132;1,6;93;261;931;14;;;1E 2E 3E 4E 5G 5J 6E 11G 34F;0,4;0,8;13,6;OUI;558,6;744,8;NON;ND;3413;NON;"{""type"": ""Point"", ""coordinates"": [2.353225350660585, 48.85658572901764]}";48.856585729, 2.35322535066
96;10;LUTECE;1 TER BOULEVARD DU PALAIS;1 TER BOULEVARD DU PALAIS;E1;4;INDIGO;WWW.PARKINDIGO.FR;01 40 46 95 61;190;;VISITEURS ET ABONNES;24h / 24;NON;OUI;OUI;NON;OUI;42583;244;2613;OUI;1567,8;2090,4;NON;ND;42217;0,9;1,8;3,6;5,4;7,2;10,8;14,4;25,2;28,8;32,4;36;36;36;36;0;ND;ND;ND;2018-02-01;ND;ND;1306,5;9;1,2;85;242;914,55;ND;;;1E 4E 5G 5H 5J 6E 34F;0,3;0,6;11;NON;ND;ND;NON;ND;ND;NON;"{""type"": ""Point"", ""coordinates"": [2.3464637703271762, 48.85577705061664]}";48.8557770506, 2.34646377033
57;114;PORTE D ASNIERES;2 AVENUE DE LA PORTE D'ASNIÈRES;2 AVENUE DE LA PORTE D ASNIERES;E1;17;INDIGO;WWW.PARKINDIGO.FR;01 43 80 73 81;190;;ABONNES;POUR ABONNES;OUI;OUI;NON;OUI;NON;42583;ND;ND;NON;ND;ND;NON;ND;ND;ND;ND;ND;ND;ND;ND;ND;ND;ND;ND;ND;ND;ND;ND;0;ND;ND;ND;2018-02-01;ND;ND;ND;5;ND;ND;ND;936;ND;648961.2958;6865841.822;ND;ND;ND;ND;NON;ND;ND;NON;ND;1581;NON;"{""type"": ""Point"", ""coordinates"": [2.303938244548789, 48.89056301411726]}";48.8905630141, 2.30393824455
64;49;PORTE DE VERSAILLES;40 BOULEVARD VICTOR;40 BOULEVARD VICTOR;E1;15;SAGS;WWW.SAGS.FR;01 53 68 46 09;190;;VISITEURS ET ABONNES;24h / 24;OUI;OUI;OUI;OUI;OUI;43132;216;2160;OUI;1296;1728;NON;ND;43132;1,1;2,2;4,4;6,6;8,8;13,2;17,6;30,8;35,2;39,6;44;46;46;46;10;108;302;1080;2018-02-01;108;302;1080;20;1,5;75,6;211,4;756;ND;647534.5949;6859509.64;15N 15P 15S 15T 15U 15V 15W 15X;0,3;0,7;16,8;OUI;453,6;604,8;NON;ND;2700;NON;"{""type"": ""Point"", ""coordinates"": [2.285263715856588, 48.833504316390076]}";48.8335043164, 2.28526371586
67;80;ROQUETTE;16 RUE SERVAN;16 RUE SERVAN;E1;11;SAEMES;WWW.SAEMES.FR;01 44 82 99 99;190;;ABONNES;POUR ABONNES;NON;OUI;NON;NON;OUI;42917;ND;ND;NON;ND;ND;NON;ND;ND;ND;ND;ND;ND;ND;ND;ND;ND;ND;ND;ND;ND;ND;ND;0;ND;ND;ND;2018-02-01;ND;ND;ND;14;ND;46;121;437;ND;654785.9444;6862379.744;ND;ND;ND;ND;NON;ND;ND;NON;ND;1093;NON;"{""type"": ""Point"", ""coordinates"": [2.383739384704096, 48.85986469665986]}";48.8598646967, 2.3837393847
69;144;SAINT JACQUES 2 (SURFACE);2 BOULEVARD SAINT JACQUES;2 BOULEVARD SAINT JACQUES;E1;14;SAEMES;WWW.SAEMES.FR;01 44 82 99 99;200;;ABONNES;POUR ABONNES;ACCESSIBLE DE PLAIN PIED;NON;OUI;NON;OUI;43101;105,2;1052;OUI;631;841;NON;ND;ND;ND;ND;ND;ND;ND;ND;ND;ND;ND;ND;ND;ND;ND;ND;1;52,6;150;526;2018-02-01;52,6;150;526;0;ND;ND;ND;ND;ND;651614.6666;6859331.222;5E 13F 13G 13H 13J 13L 14H 14J 14L 14N 14P;ND;ND;ND;NON;ND;ND;NON;ND;ND;NON;"{""type"": ""Point"", ""coordinates"": [2.340864135927218, 48.832219009150165]}";48.8322190092, 2.34086413593
73;181;BIBLIOTHEQUE F. MITTERRAND (RIVE GAUCHE);19 RUE EMILE DURKHEIM, 24 RUE NEUVE TOLBIAC;19 RUE EMILE DURKHEIM;E1;13;INDIGO;WWW.PARKINDIGO.FR;01 44 06 60 50;190;;VISITEURS ET ABONNES;24h / 24;OUI;OUI;OUI;OUI;OUI;42614;235;2350;OUI;1410;1880;NON;ND;42614;0,9;1,8;3,6;5,4;7,2;10,8;14,4;25,2;28,8;32,4;32,4;32,4;32,4;32,4;11;118;329;1175;2018-02-01;118;329;1175;16;1,2;82;230;823;10;654307.1763;6859307.359;5F 12E 12F 13J 13K 13L 13M 13N 13P 13R 13S;0,3;0,6;10,8;OUI;493,5;658;NON;ND;2938;NON;"{""type"": ""Point"", ""coordinates"": [2.377544218184295, 48.83220091070548]}";48.8322009107, 2.37754421818
154;28;ALBAN SATRAGNE MAGENTA;9 TER SQUARE ALBAN SATRAGNE;9 TER SQUARE ALBAN SATRAGNE;E1;10;INDIGO;WWW.PARKINDIGO.FR;01 47 70 25 36;190;;VISITEURS ET ABONNES;24h / 24;OUI;OUI;OUI;OUI;OUI;42583;193;2005;NON;ND;ND;OUI;1404;42614;1,1;2,2;4,4;6,6;8,8;13,2;17,6;30,8;35,2;39,6;39,6;39,6;39,6;39,6;13;ND;ND;ND;2018-02-01;97;275;1003;50;1,2;94;268;978;10;;;10E 10F 10G;0,3;0,6;10,8;NON;ND;ND;NON;ND;2506;NON;"{""type"": ""Point"", ""coordinates"": [2.35433637597218, 48.87522433479578]}";48.8752243348, 2.35433637597
155;131;EURONORD LARIBOISIERE;10 TER RUE AMBROISE PARÉ;10 TER RUE AMBROISE PARE;E1;10;INDIGO;WWW.PARKINDIGO.FR;01 40 16 42 57;190;;VISITEURS ET ABONNES;24h / 24;OUI;OUI;OUI;NON;OUI;42583;206;2143;OUI;1285,5;1714;NON;ND;42614;1,1;2,2;4,4;6,6;8,8;13,2;17,6;30,8;35,2;39,6;39,6;39,6;39,6;39,6;10;103;294;1072;2018-02-01;103;294;1072;32;1,2;72;206;750;10;;;10E 10F 10G 19E 19F 19G 19H 19J 19K 19L 19M 19N 19P;0,3;0,6;10,8;OUI;450;600;NON;ND;2679;NON;"{""type"": ""Point"", ""coordinates"": [2.352331879859695, 48.88206918651944]}";48.8820691865, 2.35233187986
159;62;BERCY RELAIS MERCURE;71 RUE DE BERCY;71 RUE DE BERCY;E1;12;SOCIETE SEIH_ACCOR_ALLSEASONS;SOCIETE SEIH;01 53 46 50 50;190;;VISITEURS ET ABONNES;24h / 24;NON;OUI;OUI;NON;NON;41275;155;1860;NON;ND;ND;NON;ND;42186;0,8;1,6;3,2;4,8;6,4;9,6;12,8;22;24,8;27,6;28;28;28;28;4;ND;ND;ND;2018-02-01;ND;ND;ND;0;ND;ND;ND;ND;ND;;;ND;ND;ND;ND;NON;ND;ND;NON;ND;1680;NON;"{""type"": ""Point"", ""coordinates"": [2.381473095640505, 48.83819891793308]}";48.8381989179, 2.38147309564
165;188;MEDITERRANEE;24 ET 40 RUE DE CHÂLON;24 RUE DE CHALON;E2;12;SAEMES;WWW.SAEMES.FR;01 43 07 48 58;190;;VISITEURS ET ABONNES;24h / 24;OUI;OUI;OUI;OUI;NON;42917;294;2940;NON;ND;ND;NON;ND;42552;1,15;2,3;4,6;6,9;9,2;13,8;17,8;29,8;33,8;37,8;37,8;37,8;37,8;37,8;62;147;418,5;1470;2018-02-01;147;418,5;1470;146;1,6;102,9;292,9;1029;15;;;ND;0,4;0,8;13,2;NON;ND;ND;OUI;930;3675;NON;"{""type"": ""Point"", ""coordinates"": [2.377003872115962, 48.84421787699114]}";48.844217877, 2.37700387212
166;17;PICPUS NATION;65/M ET 77/M BOULEVARD DE PICPUS;65 M BOULEVARD DE PICPUS;E1;12;INDIGO;WWW.PARKINDIGO.FR;01 46 28 60 47;190;;VISITEURS ET ABONNES;24h / 24;OUI, MAIS TRAVAUX D'ACCESSIBILITE AUX HANDICAPES A REALISER;OUI;OUI;OUI;OUI;42583;124;1290;NON;ND;ND;OUI;1188;42583;0,75;1,5;3;4,5;6;9;12;21;24;27;27;27;27;27;19;62;177;645;2018-02-01;62;177;645;40;0,8;43;124;452;10;;;11E 11F 11G 11H 11J 11K 11L 12E 12G 12H 12J 12M 12N 12P 12R 20E 20F 20G 20H 20J 20K 20L 20M 20N 20P 20R;0,2;0,4;7,2;NON;ND;ND;NON;ND;1613;NON;"{""type"": ""Point"", ""coordinates"": [2.399910814951054, 48.846455529087734]}";48.8464555291, 2.39991081495
168;47;REUILLY DIDEROT;30 TER RUE DE REUILLY;30 TER RUE DE REUILLY;E1;12;SAEMES;WWW.SAEMES.FR;01 43 45 81 21;185;350;VISITEURS ET ABONNES;24h / 24;OUI, MAIS TRAVAUX D'ACCESSIBILITE AUX HANDICAPES A REALISER;OUI;OUI;OUI;OUI;42917;182;1911;NON;ND;ND;OUI;1528;42917;1;2;4;6;8;12;16;28;32;36;36;36;36;36;3;ND;ND;ND;2018-02-01;226;635;ND;5;1,4;73;204;764;15;;;12E 12G 12H 12J 12M 12N 12P 12R 11K 11L;0,3;0,7;12,6;NON;ND;ND;OUI;573;2386;NON;"{""type"": ""Point"", ""coordinates"": [2.387107726738748, 48.84652120270016]}";48.8465212027, 2.38710772674
171;176;PORTE D ORLEANS;7 RUE DE LA LÉGION ETRANGÈRE - 10 AVENUE DE LA PORTE D'ORLÉANS;10 AVENUE DE LA PORTE D ORLEANS;E2;14;SAEMES;WWW.SAEMES.FR;01 40 52 09 20;185;260;VISITEURS ET ABONNES;24h / 24;OUI, MAIS TRAVAUX D'ACCESSIBILITE AUX HANDICAPES A REALISER;OUI;OUI;OUI;OUI;42736;140;1400;OUI;840;Comptant;OUI;392;42736;0,8;1,6;3,25;4,85;6,5;9,75;13;22,75;26;29,25;29,25;29,25;29,25;29,25;14;ND;ND;ND;2018-02-01;70;196;700;24;1,15;ND;ND;ND;ND;;;TOUT PARIS;0,3;0,6;10,35;OUI;294;ND;NON;Annuel;1820;NON;"{""type"": ""Point"", ""coordinates"": [2.325519475049238, 48.820524833336925]}";48.8205248333, 2.32551947505
114;135;SAINT PLACIDE;33 TER RUE SAINT-PLACIDE;33 TER RUE SAINT PLACIDE;E1;6;Q PARK;WWW.Q-PARK.FR;01 45 45 69 73;190;;ABONNES;POUR ABONNES;OUI;OUI;NON;NON;NON;42736;ND;ND;NON;ND;ND;NON;ND;ND;ND;ND;ND;ND;ND;ND;ND;ND;ND;ND;ND;ND;ND;ND;0;ND;ND;ND;2018-02-01;ND;ND;ND;0;ND;195;585;2340;ND;;;ND;ND;ND;ND;NON;ND;ND;NON;ND;ND;NON;"{""type"": ""Point"", ""coordinates"": [2.325780897205592, 48.84862019841559]}";48.8486201984, 2.32578089721
116;161;SAINT SULPICE (GARAGE);8/M PLACE SAINT SULPICE;8 M PLACE SAINT SULPICE;E1;6;INDIGO;WWW.PARKINDIGO.FR;01 43 25 45 57;190;;ABONNES;POUR ABONNES;OUI;OUI;NON;NON;NON;42583;375;3900;OUI;2340;3120;NON;ND;ND;ND;ND;ND;ND;ND;ND;ND;ND;ND;ND;ND;ND;ND;ND;0;187,5;534,5;1950;2018-02-01;187,5;534,5;1950;5;ND;134,3;382,8;1396,8;ND;;;1E 4E 5E 5H 5J 6E 6F 6G 7L 7M 7N;ND;ND;ND;NON;ND;ND;NON;ND;4875;NON;"{""type"": ""Point"", ""coordinates"": [2.333610378107826, 48.851437144716265]}";48.8514371447, 2.33361037811
120;71;GOURAUD;5 AVENUE ÉMILE POUVILLON;5 AVENUE EMILE POUVILLON;E1;7;INDIGO;WWW.PARKINDIGO.FR;01 45 48 43 30;190;;ABONNES;POUR ABONNES;NON;NON;NON;NON;NON;ND;ND;ND;NON;ND;ND;NON;ND;ND;ND;ND;ND;ND;ND;ND;ND;ND;ND;ND;ND;ND;ND;ND;0;ND;ND;ND;2018-02-01;ND;ND;ND;0;ND;ND;ND;ND;ND;;;ND;ND;ND;ND;NON;ND;ND;NON;ND;ND;OUI;"{""type"": ""Point"", ""coordinates"": [2.299118995182624, 48.85747133157926]}";48.8574713316, 2.29911899518
125;134;LA TOUR MAUBOURG ORSAY;45 TER QUAI D'ORSAY;45 TER QUAI D ORSAY;E1;7;Q PARK;WWW.Q-PARK.FR;01 44 18 04 05;190;;VISITEURS ET ABONNES;24h / 24;OUI;OUI;NON;OUI;NON;43101;310;3000;NON;ND;ND;OUI;2100;43101;1,3;2,55;5,05;7,6;10,1;15,15;20,2;35,35;40,4;41,6;41,6;41,6;41,6;41,6;9;ND;ND;ND;2018-02-01;125;ND;1500;11;ND;145;410;1150;ND;;;1E 7E 7F 7G 7H 7J 7K 7L 7M 7N 8E 16H;ND;ND;ND;NON;ND;ND;NON;ND;3750;NON;"{""type"": ""Point"", ""coordinates"": [2.309850563947144, 48.86234852674823]}";48.8623485267, 2.30985056395
131;186;SUFFREN;8 TER PLACE JOFFRE, 13 AVENUE ÉMILE ACOLLAS, 77 AVENUE DE SUFFREN;13 AVENUE EMILE ACOLLAS;E2;7;INDIGO;WWW.PARKINDIGO.FR;01 45 48 43 30;190;;ABONNES;POUR ABONNES;ACCESSIBLE DE PLAIN PIED;NON;NON;NON;NON;ND;ND;ND;NON;ND;ND;NON;ND;ND;ND;ND;ND;ND;ND;ND;ND;ND;ND;ND;ND;ND;ND;ND;0;ND;ND;ND;2018-02-01;ND;ND;ND;0;ND;ND;ND;ND;ND;;;ND;ND;ND;ND;NON;ND;ND;NON;ND;ND;OUI;"{""type"": ""Point"", ""coordinates"": [2.301144270987128, 48.851895412601436]}";48.8518954126, 2.30114427099
148;167;HOCHE;14 QUATER ET 29 TER AVENUE HOCHE;29 TER AVENUE HOCHE;E2;8;INDIGO;WWW.PARKINDIGO.FR;01 42 25 75 47;190;;VISITEURS ET ABONNES;24h / 24;OUI;OUI;NON;NON;NON;42583;295;3068;NON;ND;ND;NON;ND;42614;1,2;2,4;4,8;7,2;9,6;14,4;19,2;33,6;38,4;39,6;39,6;39,6;39,6;39,6;10;ND;ND;ND;2018-02-01;ND;ND;1539;13;ND;171;487;1778;ND;;;ND;ND;ND;ND;NON;ND;ND;NON;ND;3224;NON;"{""type"": ""Point"", ""coordinates"": [2.301448858756642, 48.87624842250598]}";48.8762484225, 2.30144885876
101;77;LAGRANGE MAUBERT;19 TER RUE LAGRANGE;19 TER RUE LAGRANGE;E1;5;SAEMES;WWW.SAEMES.FR;01 43 25 84 47;185;;VISITEURS ET ABONNES;24h / 24;PREVU;OUI;OUI;NON;NON;43101;254,8;2548;OUI;1382;1975;NON;ND;43101;1;2;4;6;8;12;16;28;32;36;36;36;36;36;3;127,4;356,7;1274;2018-02-01;127,4;356,7;1274;18;1,4;89,1;249,6;891;10;;;1E 4E 5E 5F 5G 5H 5J 6E 6G;0,35;0,7;12,6;OUI;483;691;NON;ND;3190;NON;"{""type"": ""Point"", ""coordinates"": [2.348645017170526, 48.85066019649129]}";48.8506601965, 2.34864501717
104;85;POLIVEAU;39 BIS RUE POLIVEAU;39 BIS RUE POLIVEAU;E1;5;SAEMES;WWW.SAEMES.FR;01 44 82 99 99;190;;ABONNES;POUR ABONNES;NON;NON;NON;NON;OUI;42186;ND;ND;NON;ND;ND;NON;ND;ND;ND;ND;ND;ND;ND;ND;ND;ND;ND;ND;ND;ND;ND;ND;0;ND;ND;ND;2018-02-01;ND;ND;ND;2;ND;ND;189;ND;ND;;;ND;ND;ND;ND;NON;ND;ND;NON;ND;1628;NON;"{""type"": ""Point"", ""coordinates"": [2.3574807517302823, 48.83981215507105]}";48.8398121551, 2.35748075173
107;175;SOUFFLOT;18/M ET 19 TER RUE SOUFFLOT;19 TER RUE SOUFFLOT;E2;5;INDIGO;WWW.PARKINDIGO.FR;01 43 26 15 54;190;;VISITEURS ET ABONNES;24h / 24;OUI;OUI;OUI;OUI;OUI;42583;239;2486;NON;ND;ND;NON;ND;42736;1,05;2,1;4,2;6,3;8,4;12,6;16,8;29,4;33,6;37,8;37,8;37,8;37,8;37,8;2;119,5;341;1243;2018-02-01;119,5;341;1243;32;1,2;83,6;238,7;870,1;10,1;;;ND;0,3;0,6;10,8;NON;ND;ND;NON;ND;3077;NON;"{""type"": ""Point"", ""coordinates"": [2.341455863734564, 48.84706075963001]}";48.8470607596, 2.34145586373
112;55;SAINT GERMAIN DES PRES;169 TER BOULEVARD SAINT GERMAIN;169 TER BOULEVARD SAINT GERMAIN;E1;6;INDIGO;WWW.PARKINDIGO.FR;01 45 49 18 55;190;;VISITEURS ET ABONNES;24h / 24;OUI;OUI;NON;NON;OUI;42583;310;3224;NON;ND;ND;NON;ND;42614;1,2;2,4;4,8;7,2;9,6;14,4;19,2;33,6;38,4;39,6;39,6;39,6;39,6;39,6;17;ND;ND;ND;2018-02-01;ND;ND;1612;19;ND;138;368;1435;ND;;;ND;ND;ND;ND;NON;ND;ND;NON;ND;ND;NON;"{""type"": ""Point"", ""coordinates"": [2.331094875674931, 48.85411090628743]}";48.8541109063, 2.33109487567
63;40;PORTE DE SAINT OUEN;25 AVENUE DE LA PORTE DE SAINT OUEN;25 AVENUE DE LA PORTE DE SAINT OUEN;E1;17;SPIE AUTOCITE;WWW.AUTOCITE.FR;01 42 29 31 96;190;;VISITEURS ET ABONNES;24h / 24;OUI;OUI;NON;OUI;NON;42095;120;1200;NON;ND;ND;OUI;920;43101;0,8;1,6;3,2;4,8;6,4;9,6;12,8;22,4;25,6;28,8;32;35,2;38,4;38,4;10;ND;ND;ND;2018-02-01;ND;ND;ND;4;ND;ND;ND;ND;ND;650834.5461;6866880.223;17R 17S 17T 17U 18E 18H 18J 18K 18L 18M 18N 18P 18R 18S 18T;ND;ND;ND;NON;ND;ND;NON;ND;ND;NON;"{""type"": ""Point"", ""coordinates"": [2.329363957021306, 48.900046678656324]}";48.9000466787, 2.32936395702
65;64;PORTE MAILLOT;16 PLACE DE LA PORTE MAILLOT;16 PLACE DE LA PORTE MAILLOT;E1;17;INDIGO;WWW.PARKINDIGO.FR;01 40 68 00 11;190;;VISITEURS ET ABONNES;24h / 24;OUI, MAIS TRAVAUX D'ACCESSIBILITE AUX HANDICAPES A REALISER;OUI;NON;OUI;OUI;42583;208;2163;NON;ND;ND;NON;ND;42614;1,2;2,4;4,8;7,2;9,6;14,4;19,2;33,6;38,4;39,6;39,6;39,6;39,6;39,6;40;ND;ND;ND;2018-02-01;ND;ND;1082;9;ND;112;319;1165;ND;647380.2712;6864575.349;ND;ND;ND;ND;NON;ND;ND;NON;ND;2756;NON;"{""type"": ""Point"", ""coordinates"": [2.282534459216831, 48.87904685235436]}";48.8790468524, 2.28253445922
172;162;JEAN BOUIN;17 RUE NUNGESSER ET COLI;17 RUE NUNGESSER ET COLI;E1;16;SPIE AUTOCITE;WWW.AUTOCITE.FR;01 46 51 28 68;190;;VISITEURS ET ABONNES;24h / 24;OUI;OUI;OUI;NON;NON;42675;136;1360;OUI;812;1120;NON;ND;43101;0,85;1,7;3,4;5,1;6,8;10,2;13,6;23,8;27,2;30,6;30,6;30,6;30,6;30,6;11;68;191;680;2018-02-01;68;191;680;56;1,15;48;134;476;10;;;16R 16S 16T 16U 16V 16W 16X 16Y 16Z + riverains rue Ningesser et Coli de Boulogne;0,3;0,6;10,35;OUI;284,2;392;NON;ND;1700;NON;"{""type"": ""Point"", ""coordinates"": [2.252172414704983, 48.84436007565812]}";48.8443600757, 2.2521724147
160;129;BERCY SEINE VEHICULES LEGERS;180 QUAI DE BERCY;180 QUAI DE BERCY;E1;12;SAEMES;WWW.SAEMES.FR;01 43 07 48 58;190;;VISITEURS ET ABONNES;24h / 24;OUI, MAIS TRAVAUX D'ACCESSIBILITE AUX HANDICAPES A REALISER;OUI;OUI;OUI;NON;42917;168;1680;NON;ND;ND;OUI;1176;42552;0,9;1,8;3,6;5,4;7,2;10,8;14,4;25,2;28,8;32,4;32,4;32,4;32,4;32,4;14;ND;ND;ND;2018-02-01;84;222,5;840;10;1,3;67,2;178;672;15;;;12F 12G 12J 12K 12L 13K 13 P13R 13S;0,3;0,6;11,3;NON;ND;ND;OUI;504;ND;NON;"{""type"": ""Point"", ""coordinates"": [2.380362983650312, 48.83523786033633]}";48.8352378603, 2.38036298365
113;139;SAINT MICHEL;5 PLACE SAINT-ANDRÉ DES ARTS;5 PLACE SAINT ANDRE DES ARTS;E1;6;INDIGO;WWW.PARKINDIGO.FR;01 56 24 44 32;190;;VISITEURS ET ABONNES;24h / 24;OUI;OUI;OUI;OUI;OUI;42583;335;3484;OUI;2090,4;2787,2;NON;ND;42736;1,15;2,3;4,6;6,9;9,2;13,8;18,4;32,2;36,8;39,6;39,6;39,6;39,6;39,6;9;167,5;478;1742;2018-02-01;167,5;478;1742;10;1,6;117,25;334,1;1219,4;10,1;;;5H 5J 6E 6G;0,4;0,8;13,6;OUI;731,64;975,52;NON;ND;4355;NON;"{""type"": ""Point"", ""coordinates"": [2.343317811481687, 48.85293078205181]}";48.8529307821, 2.34331781148
122;58;JOFFRE;2 TER ET 6 TER PLACE JOFFRE, 14 AVENUE FRÉDÉRIC LE PLAY;2 TER PLACE JOFFRE;E1;7;INDIGO;WWW.PARKINDIGO.FR;01 45 48 43 30;190;;VISITEURS ET ABONNES;24h / 24;ACCESSIBLE DE PLAIN PIED;OUI;OUI;NON;OUI;42370;191;1986;NON;ND;ND;NON;ND;42736;1,15;2,3;4,6;6,9;9,2;13,8;18,4;32,2;36,8;39,6;39,6;39,6;39,6;39,6;1;95,5;272;993;2018-02-01;95,5;272;993;19;1,6;76;218;799;10;;;ND;0,4;0,8;13,6;NON;ND;ND;NON;ND;3110;NON;"{""type"": ""Point"", ""coordinates"": [2.304769997807464, 48.85439590275029]}";48.8543959028, 2.30476999781
161;103;FAUBOURG SAINT ANTOINE;83 TER AVENUE LEDRU-ROLLIN;83 TER AVENUE LEDRU ROLLIN;E1;12;INDIGO;WWW.PARKINDIGO.FR;01 44 75 52 43;190;;VISITEURS ET ABONNES;24h / 24;OUI, MAIS TRAVAUX D'ACCESSIBILITE AUX HANDICAPES A REALISER;OUI;OUI;NON;NON;42583;234;2434;NON;ND;ND;NON;ND;42583;1,1;2,2;4,4;6,6;8,8;13,2;17,6;30,8;35,2;39,6;39,6;39,6;39,6;39,6;8;ND;ND;ND;2018-02-01;ND;ND;1214;31;ND;ND;380;1398;ND;;;ND;ND;ND;ND;NON;ND;ND;NON;ND;ND;NON;"{""type"": ""Point"", ""coordinates"": [2.375353130642821, 48.85076403955239]}";48.8507640396, 2.37535313064
121;60;INVALIDES;22 RUE DE CONSTANTINE;22 RUE DE CONSTANTINE;E1;7;INDIGO;WWW.PARKINDIGO.FR;01 47 05 36 47;190;;VISITEURS ET ABONNES;24h / 24;NON;OUI;OUI;NON;NON;42583;250;2600;NON;ND;ND;OUI;1820;42736;1,15;2,3;4,6;6,9;9,2;13,8;18,4;32,2;36,8;39,6;39,6;39,6;39,6;39,6;3;125;356;1300;2018-02-01;125;356;1300;26;1,6;88;250;910;10;;;1E 7E 7F 7G 7H 7J 7K 7L 7M 7N 8E 16H;0,4;0,8;13,6;NON;ND;ND;OUI;637;3609;NON;"{""type"": ""Point"", ""coordinates"": [2.31467282678959, 48.859451517011635]}";48.859451517, 2.31467282679
163;127;LYON DIDEROT;198 RUE DE  BERCY;198 RUE DE  BERCY;E1;12;SAEMES;WWW.SAEMES.FR;01 53 17 63 08;190;;VISITEURS ET ABONNES;24h / 24;OUI;OUI;OUI;NON;NON;42783;ND;ND;NON;ND;ND;NON;ND;42783;1;2;4;6;8;12;16;28;32;33,5;33,5;33,5;33,5;33,5;6;ND;ND;ND;2018-02-01;ND;ND;ND;44;2;108,6;ND;ND;ND;;;ND;0,5;1;16,75;NON;ND;ND;NON;ND;3500;NON;"{""type"": ""Point"", ""coordinates"": [2.372121300562611, 48.844760134306426]}";48.8447601343, 2.37212130056
169;100;VAN GOGH;203 TER RUE DE BERCY;203 TER RUE DE BERCY;E1;12;SAEMES;WWW.SAEMES.FR;01 44 82 99 99;190;;ABONNES;POUR ABONNES;OUI;NON;OUI;NON;NON;42917;ND;ND;NON;ND;ND;NON;ND;ND;ND;ND;ND;ND;ND;ND;ND;ND;ND;ND;ND;ND;ND;ND;0;ND;ND;ND;2018-02-01;ND;ND;ND;0;ND;ND;ND;ND;ND;;;ND;ND;ND;ND;NON;ND;ND;NON;ND;2051;NON;"{""type"": ""Point"", ""coordinates"": [2.371946306568387, 48.8445073952223]}";48.8445073952, 2.37194630657
142;54;FRANCOIS 1ER;17 QUATER RUE FRANÇOIS 1ER;17 QUATER RUE FRANCOIS 1ER;E1;8;INTERPARKING;WWW.INTERPARKING-FRANCE.COM;01 47 23 37 03;190;;VISITEURS ET ABONNES;24h / 24;OUI, MAIS TRAVAUX D'ACCESSIBILITE AUX HANDICAPES A REALISER;OUI;OUI;OUI;NON;41944;263;2625;OUI;1050;2100;NON;ND;43027;0,95;1,9;3,8;5,7;7,6;11,4;15,2;26,6;30,4;34,2;34,2;34,2;34,2;34,2;11;132;368;1313;2018-02-01;132;368;1313;5;1,3;73,5;195,5;735;10;;;7E 7G 8E 8F 8H 16G 16H 16I 16K;ND;0,65;11,95;OUI;367,5;735;NON;ND;3281;NON;"{""type"": ""Point"", ""coordinates"": [2.305738062190616, 48.86724121571962]}";48.8672412157, 2.30573806219
137;189;CHAMPS ELYSEES;62 TER ET 113 AVENUE DES CHAMPS ELYSÉES;113 AVENUE CHAMPS ELYSEES;E2;8;INDIGO;WWW.PARKINDIGO.FR;01 45 61 40 79;190;;VISITEURS ET ABONNES;24h / 24;OUI;OUI;NON;NON;NON;42583;264;2626,5;NON;ND;ND;OUI;1838,55;42614;1,2;2,4;4,8;7,2;9,6;14,4;19,2;33,6;38,4;39,6;39,6;39,6;39,6;39,6;11;ND;ND;ND;2018-02-01;132;367;1313,25;40;ND;72;206;727;ND;;;8E 8F 8G 8H 8J 16E 16F 16G 16H 16I 16J 17E;ND;ND;ND;NON;ND;ND;NON;ND;ND;NON;"{""type"": ""Point"", ""coordinates"": [2.299521376738923, 48.87214538254684]}";48.8721453825, 2.29952137674
103;76;PATRIARCHES;42 TER RUE DAUBENTON;42 TER RUE DAUBENTON;E1;5;SPIE AUTOCITE;WWW.AUTOCITE.FR;01 43 37 43 56;185;;VISITEURS ET ABONNES;24h / 24;OUI;OUI;OUI;OUI;NON;42736;280;2800;OUI;1680;2240;NON;ND;43101;1,1;2,2;4,4;6,6;8,8;13,2;17,6;30,8;35,2;39,6;39,6;39,6;39,6;39,6;7;140;392;1400;2018-02-01;140;392;1400;14;1,5;98;274,4;980;10;;;5E 5F 5G 5H 5J 6E 6G 13H 13HJ 13K 14P;0,4;0,8;13,5;OUI;588;784;NON;ND;3500;NON;"{""type"": ""Point"", ""coordinates"": [2.351265087857511, 48.84055347306488]}";48.8405534731, 2.35126508786
133;110;ALMA GEORGE V;6 TER ET 17 TER AVENUE GEORGE V;17 TER AVENUE GEORGE V;E1;8;INDIGO;WWW.PARKINDIGO.FR;01 47 23 06 86;190;;VISITEURS ET ABONNES;24h / 24;OUI;OUI;NON;NON;NON;42583;305;3172;NON;ND;ND;OUI;2220,4;42614;1,2;2,4;4,8;7,2;9,6;14,4;19,2;33,6;38,4;39,6;39,6;39,6;39,6;39,6;6;ND;ND;ND;2018-02-01;152,5;434,5;1586;0;ND;122;347,6;1268,8;ND;;;7E 7G 8E 8F 8H 16G 16H 16I 16K;ND;ND;ND;NON;ND;ND;NON;ND;3585,3;NON;"{""type"": ""Point"", ""coordinates"": [2.301006546862864, 48.86681511242453]}";48.8668151124, 2.30100654686
134;179;ALMA GEORGE V;6 TER ET 17 TER AVENUE GEORGE V;6 TER AVENUE GEORGE V;E2;8;INDIGO;WWW.PARKINDIGO.FR;01 47 23 06 86;190;;VISITEURS ET ABONNES;24h / 24;OUI;OUI;NON;NON;NON;42583;305;3172;NON;ND;ND;OUI;2220,4;42614;1,2;2,4;4,8;7,2;9,6;14,4;19,2;33,6;38,4;39,6;39,6;39,6;39,6;39,6;6;ND;ND;ND;2018-02-01;152,5;434,5;1586;0;ND;122;347,6;1268,8;ND;;;7E 7G 8E 8F 8H 16G 16H 16I 16K;ND;ND;ND;NON;ND;ND;NON;ND;3585,3;NON;"{""type"": ""Point"", ""coordinates"": [2.301708081005073, 48.86542384155182]}";48.8654238416, 2.30170808101
135;14;BERGSON;18 RUE DE LABORDE;18 RUE DE LABORDE;E1;8;INDIGO;WWW.PARKINDIGO.FR;01 45 22 84 96;190;;VISITEURS ET ABONNES;24h / 24;NON;OUI;NON;NON;OUI;42583;307;3092;NON;ND;ND;OUI;2164,4;42614;1,2;2,4;4,8;7,2;9,6;14,4;19,2;33,6;38,4;39,6;39,6;39,6;39,6;39,6;0;ND;ND;ND;2018-02-01;153,5;423,3;1546;54;ND;96;273,6;998,4;ND;;;8H 8J 8K 8L 9E 9G 17K 17R;ND;ND;ND;NON;ND;ND;NON;ND;3575;NON;"{""type"": ""Point"", ""coordinates"": [2.320371431834063, 48.875773443602625]}";48.8757734436, 2.32037143183
129;155;SEVRES BABYLONE;1 BIS RUE DE BABYLONE;1 BIS RUE DE BABYLONE;E1;7;INDIGO;WWW.PARKINDIGO.FR;01 45 48 43 30;190;;VISITEURS ET ABONNES;24h / 24;OUI;OUI;OUI;OUI;NON;42357;290;2900;OUI;1620;2160;NON;ND;42357;1;2;4;6;8;12;16;28;32;36;36;36;36;36;19;145;406;1450;2018-02-01;145;406;1450;31;1,4;101,5;406;1450;10;;;6E 6F 7M 7N 7L;0,35;0,7;12,6;OUI;567;756;NON;ND;3625;NON;"{""type"": ""Point"", ""coordinates"": [2.324567408265427, 48.85164672106456]}";48.8516467211, 2.32456740827
150;2;MALESHERBES ANJOU;20 TER ET 35 TER BOULEVARD MALESHERBES;20 TER BOULEVARD MALESHERBES;E1;8;SAGS;WWW.SAGS.FR;ND;190;;VISITEURS ET ABONNES;24h / 24;NON;OUI;NON;NON;NON;43132;280;2800;OUI;1568;2240;NON;ND;43132;1;2;4;6;8;12;16;28;32;36;36;36;36;36;0;140;392;1400;2018-02-01;140;392;1400;19;1,4;98;274,4;980;10;;;1E 2E 8H 8J 8K 8L;0,35;0,7;12,6;OUI;548,8;784;NON;ND;3500;NON;"{""type"": ""Point"", ""coordinates"": [2.321811942429643, 48.872486782904254]}";48.8724867829, 2.32181194243
130;63;SUFFREN;8 TER PLACE JOFFRE, 13 AVENUE ÉMILE ACOLLAS, 77 AVENUE DE SUFFREN;8 TER PLACE JOFFRE;E1;7;INDIGO;WWW.PARKINDIGO.FR;01 45 48 43 30;190;;ABONNES;POUR ABONNES;NON;NON;NON;NON;NON;ND;ND;ND;NON;ND;ND;NON;ND;ND;ND;ND;ND;ND;ND;ND;ND;ND;ND;ND;ND;ND;ND;ND;0;ND;ND;ND;2018-02-01;ND;ND;ND;0;ND;ND;ND;ND;ND;;;ND;ND;ND;ND;NON;ND;ND;NON;ND;ND;OUI;"{""type"": ""Point"", ""coordinates"": [2.303006619668331, 48.853392428967545]}";48.853392429, 2.30300661967
59;35;PORTE DE CHAMPERRET;6 AVENUE PORTE DE CHAMPERRET, 21 BOULEVARD DE L'YSER;21 BOULEVARD DE L YSER;E1;17;INDIGO;WWW.PARKINDIGO.FR;01 43 80 73 81;190;;VISITEURS ET ABONNES;24h / 24;OUI, MAIS TRAVAUX D'ACCESSIBILITE AUX HANDICAPES A REALISER;OUI;OUI;OUI;OUI;42583;148;1539;NON;ND;ND;OUI;1082;42767;1;2;4;6;8;12;16;28;32;36;36;36;36;36;29;ND;ND;ND;2018-02-01;74;211;770;37;1,2;72;205;749;16;647738.9887;6865186.552;17E 17F 17G 17H 17L 17M 17N;0,3;0,6;10,8;NON;ND;ND;OUI;520;1924;NON;"{""type"": ""Point"", ""coordinates"": [2.287350064459235, 48.88457238528728]}";48.8845723853, 2.28735006446
62;43;PORTE DE SAINT CLOUD;10 AVENUE DE LA PORTE DE SAINT CLOUD;10 AVENUE DE LA PORTE DE SAINT CLOUD;E1;16;SPIE AUTOCITE;WWW.AUTOCITE.FR;01 46 51 28 68;190;;VISITEURS ET ABONNES;24h / 24;OUI;OUI;OUI;OUI;OUI;42736;170;1700;OUI;1020;1360;NON;ND;43101;1;2;4;6;8;12;16;28;32;36;36;36;36;36;28;85;237,5;850;2018-02-01;85;237,5;850;57;1,4;59,5;166,25;595;13;645223.9879;6860123.132;15M 15N 16P 16R 16S 16T 16U 16V 16W 16X 16Y 16Z;0,35;0,7;12,6;OUI;357;476;NON;ND;2125;NON;"{""type"": ""Point"", ""coordinates"": [2.253709161270994, 48.838829196929865]}";48.8388291969, 2.25370916127
78;4;VILLIERS;14 AVENUE DE VILLIERS;14 AVENUE DE VILLIERS;E1;17;INDIGO;WWW.PARKINDIGO.FR;01 47 63 44 91;190;;VISITEURS ET ABONNES;24h / 24;OUI, MAIS TRAVAUX D'ACCESSIBILITE AUX HANDICAPES A REALISER;OUI;OUI;NON;NON;42583;311;3234;NON;ND;ND;NON;ND;42736;1,05;2,1;4,2;6,3;8,4;12,6;16,8;29,4;33,6;37,8;37,8;37,8;37,8;37,8;1;155,5;443;1617;2018-02-01;155,5;443;1617;9;1,2;109;310;1134;10;649708.5318;6864878.144;ND;0,3;0,6;10,8;NON;ND;ND;NON;ND;4046;NON;"{""type"": ""Point"", ""coordinates"": [2.314242607901708, 48.88195582063875]}";48.8819558206, 2.3142426079
79;123;WAGRAM COURCELLES;103 RUE JOUFFROY D'ABBANS;103 RUE JOUFFROY D ABBANS;E1;17;INDIGO;WWW.PARKINDIGO.FR;01 47 63 75 83;190;;VISITEURS ET ABONNES;24h / 24;OUI;OUI;NON;NON;NON;42583;305;3172;NON;ND;ND;NON;ND;42614;1,2;2,4;4,8;7,2;9,6;14,4;19,2;33,6;38,4;39,6;39,6;39,6;39,6;39,6;5;ND;ND;ND;2018-02-01;ND;ND;1586;10;ND;122;348;1269;ND;648767.3724;6864872.337;ND;ND;ND;ND;NON;ND;ND;NON;ND;3713;NON;"{""type"": ""Point"", ""coordinates"": [2.3014106417868, 48.881829405666736]}";48.8818294057, 2.30141064179
33;132;MAILLOT PEREIRE (SURFACE);271 BOULEVARD PÉREIRE;271 BOULEVARD PEREIRE;E1;17;SAEMES;WWW.SAEMES.FR;01 44 82 99 99;200;;ABONNES;POUR ABONNES;ACCESSIBLE DE PLAIN PIED;NON;OUI;OUI;NON;43101;135;1350;OUI;810;1080;NON;ND;ND;ND;ND;ND;ND;ND;ND;ND;ND;ND;ND;ND;ND;ND;ND;2;67,5;192,5;675;2018-02-01;67,5;192,5;675;0;ND;ND;ND;ND;ND;647569.3539;6864465.467;16E 16F 17E 17F 17G 17H;ND;ND;ND;NON;ND;ND;NON;ND;ND;NON;"{""type"": ""Point"", ""coordinates"": [2.285126008387427, 48.87807413675762]}";48.8780741368, 2.28512600839
80;163;WATT (RIVE GAUCHE);50 RUE WATT;50 RUE WATT;E1;13;INDIGO;WWW.PARKINDIGO.FR;01 44 06 60 50;190;;ABONNES;POUR ABONNES;OUI;OUI;OUI;NON;NON;42583;89,5;895;OUI;429,6;716;NON;ND;ND;ND;ND;ND;ND;ND;ND;ND;ND;ND;ND;ND;ND;ND;ND;17;45;126;448;2018-02-01;45;126;448;0;ND;31;87;310;5;654369.6445;6858665.297;TOUT PARIS;ND;ND;ND;OUI;150,36;250,6;NON;ND;1455;NON;"{""type"": ""Point"", ""coordinates"": [2.378464008549721, 48.82643117711773]}";48.8264311771, 2.37846400855
97;56;NOTRE DAME;9 PARVIS NOTRE-DAME-PLACE JEAN-PAUL II;9 PARVIS NOTRE DAME PLACE JEAN PAUL II;E1;4;SAEMES;WWW.SAEMES.FR;01 56 81 14 20;190;;VISITEURS ET ABONNES;24h / 24;OUI, MAIS TRAVAUX D'ACCESSIBILITE AUX HANDICAPES A REALISER;OUI;OUI;OUI;OUI;42917;287;3014;OUI;1808,4;2411,2;NON;ND;42186;1;2;4;6;8;12;16;28;32;32;32;32;32;32;8;ND;ND;ND;2018-02-01;143;394;1507;18;1;87;237;904;15;;;4E 5J;0,3;0,5;6,8;NON;ND;ND;OUI;603;3891;NON;"{""type"": ""Point"", ""coordinates"": [2.347667857860528, 48.853906510102284]}";48.8539065101, 2.34766785786
29;108;JOUFFROY;6 RUE JOUFFROY D'ABBANS;6 RUE JOUFFROY D ABBANS;E1;17;INDIGO;WWW.PARKINDIGO.FR;01 43 80 73 81;190;;ABONNES;POUR ABONNES;NON;NON;NON;NON;NON;42583;ND;ND;NON;ND;ND;NON;ND;ND;ND;ND;ND;ND;ND;ND;ND;ND;ND;ND;ND;ND;ND;ND;0;ND;ND;ND;2018-02-01;ND;ND;ND;0;ND;ND;ND;ND;ND;649630.4241;6865461.905;ND;ND;ND;ND;NON;ND;ND;NON;ND;ND;OUI;"{""type"": ""Point"", ""coordinates"": [2.31310836979106, 48.88719926799184]}";48.887199268, 2.31310836979
50;82;MOZART;2 RUE DE LA CURE;2 RUE DE LA CURE;E1;16;SAEMES;WWW.SAEMES.FR;01 44 82 99 99;190;;ABONNES;POUR ABONNES;OUI;OUI;NON;NON;NON;42917;ND;ND;NON;ND;ND;NON;ND;ND;ND;ND;ND;ND;ND;ND;ND;ND;ND;ND;ND;ND;ND;ND;0;ND;ND;ND;2018-02-01;ND;ND;ND;5;ND;ND;ND;ND;ND;646338.2507;6861773.682;ND;ND;ND;ND;NON;ND;ND;NON;ND;2821;NON;"{""type"": ""Point"", ""coordinates"": [2.268681190575788, 48.8537661911968]}";48.8537661912, 2.26868119058
92;124;BAUDOYER;25 TER RUE DE RIVOLI;25 TER RUE DE RIVOLI;E1;4;REALPARK S.A.;WWW.REALPARK.FR;01 44 17 18 19;195;;VISITEURS ET ABONNES;24h / 24;OUI;OUI;OUI;NON;NON;41699;249;2500;NON;ND;ND;NON;ND;42795;1,1;2,2;4,4;6,6;8,8;13,2;17,6;30,4;34;36,8;36,8;36,8;36,8;36,8;6;ND;ND;ND;2018-02-01;ND;ND;ND;11;ND;100;ND;ND;ND;;;ND;ND;ND;ND;NON;ND;ND;NON;ND;ND;NON;"{""type"": ""Point"", ""coordinates"": [2.3561032095734102, 48.8562887428376]}";48.8562887428, 2.35610320957
110;86;MARCHE SAINT GERMAIN;2 TER RUE LOBINEAU;2 TER RUE LOBINEAU;E1;6;SAEMES;WWW.SAEMES.FR;01 44 82 99 99;190;;ABONNES;POUR ABONNES;NON;NON;NON;NON;NON;43009;ND;ND;NON;ND;ND;NON;ND;ND;ND;ND;ND;ND;ND;ND;ND;ND;ND;ND;ND;ND;ND;ND;0;ND;ND;ND;2018-02-01;ND;ND;ND;0;ND;116,8;321,2;1168;10;;;ND;ND;ND;ND;NON;ND;ND;NON;ND;2880;NON;"{""type"": ""Point"", ""coordinates"": [2.336856938314872, 48.8518071996483]}";48.8518071996, 2.33685693831
108;81;ANDRE HONNORAT;8 BIS RUE AUGUSTE COMTE;8 BIS RUE AUGUSTE COMTE;E1;6;SAEMES;WWW.SAEMES.FR;01 44 82 99 99;190;;ABONNES;POUR ABONNES;NON;OUI;NON;NON;NON;42917;ND;ND;NON;ND;ND;NON;ND;ND;ND;ND;ND;ND;ND;ND;ND;ND;ND;ND;ND;ND;ND;ND;0;ND;ND;ND;2018-02-01;ND;ND;ND;3;ND;141;360;1375;ND;;;ND;ND;ND;ND;NON;ND;ND;NON;ND;3437;NON;"{""type"": ""Point"", ""coordinates"": [2.337983713854783, 48.84421507777338]}";48.8442150778, 2.33798371385
12;34;CITROEN CEVENNES;47 RUE LEBLANC;47 RUE LEBLANC;E1;15;INDIGO;WWW.PARKINDIGO.FR;01 45 57 32 69;190;;VISITEURS ET ABONNES;24h / 24;OUI;OUI;OUI;NON;NON;42583;199;2070;OUI;1240,5;1654;NON;ND;42736;0,85;1,7;3,4;5,1;6,8;10,2;13,6;23,8;27,2;30,6;30,6;30,6;30,6;30,6;12;99,5;284;1035;2018-02-01;99,5;284;1035;18;0,8;70;200;728;10;646885.9526;6860088.246;15M 15N 15P 15W 15X;0,2;0,4;7,2;OUI;436,5;582;NON;ND;2588;NON;"{""type"": ""Point"", ""coordinates"": [2.276355517554811, 48.83865458953479]}";48.8386545895, 2.27635551755
2;143;AUGUSTE BLANQUI (SURFACE);149 BOULEVARD AUGUSTE BLANQUI;149 BOULEVARD AUGUSTE BLANQUI;E1;13;SAEMES;WWW.SAEMES.FR;01 44 82 99 99;200;;ABONNES;POUR ABONNES;ACCESSIBLE DE PLAIN PIED;NON;OUI;OUI;OUI;43101;105,2;1052;OUI;631;841;NON;ND;ND;ND;ND;ND;ND;ND;ND;ND;ND;ND;ND;ND;ND;ND;ND;2;52,6;150;526;2018-02-01;52,6;150;526;0;ND;ND;ND;ND;ND;651724.5094;6859205.804;5E 5F 13F 13G 13H 13J 13K 13L 14H 14P;ND;ND;ND;NON;ND;ND;NON;ND;ND;NON;"{""type"": ""Point"", ""coordinates"": [2.342374644194102, 48.831099344934664]}";48.8310993449, 2.34237464419
28;137;HENRI MARTIN 2 (SURFACE);84 AVENUE HENRI MARTIN;84 AVENUE HENRI MARTIN;E1;16;SAEMES;WWW.SAEMES.FR;01 44 82 99 99;200;;ABONNES;POUR ABONNES;ACCESSIBLE DE PLAIN PIED;NON;OUI;OUI;NON;43101;141,5;1415;OUI;849;1132;NON;ND;ND;ND;ND;ND;ND;ND;ND;ND;ND;ND;ND;ND;ND;ND;ND;2;70,7;202;707;2018-02-01;70,7;202;707;0;ND;ND;ND;ND;ND;646538.6764;6862901.792;16J 16K 16L 16M 16N 16P 16R 16S;ND;ND;ND;NON;ND;ND;NON;ND;ND;NON;"{""type"": ""Point"", ""coordinates"": [2.271270616567385, 48.863927723744645]}";48.8639277237, 2.27127061657
26;74;GROS BOULAINVILLIERS;15 RUE DE BOULAINVILLIERS;15 RUE DE BOULAINVILLIERS;E1;16;SAEMES;WWW.SAEMES.FR;01 44 82 99 99;195;;ABONNES;POUR ABONNES;NON;OUI;NON;NON;NON;42917;ND;ND;NON;ND;ND;NON;ND;ND;ND;ND;ND;ND;ND;ND;ND;ND;ND;ND;ND;ND;ND;ND;0;ND;ND;ND;2018-02-01;ND;ND;ND;6;ND;107;290;1094;ND;646877.7131;6861626.475;ND;ND;ND;ND;NON;ND;ND;NON;ND;2734;NON;"{""type"": ""Point"", ""coordinates"": [2.2760511285856833, 48.85248708298225]}";48.852487083, 2.27605112859
167;168;PICPUS NATION;65/M ET 77/M BOULEVARD DE PICPUS;77 M BOULEVARD DE PICPUS;E2;12;INDIGO;WWW.PARKINDIGO.FR;01 46 28 60 47;190;;VISITEURS ET ABONNES;24h / 24;OUI, MAIS TRAVAUX D'ACCESSIBILITE AUX HANDICAPES A REALISER;OUI;OUI;OUI;OUI;42583;124;1290;NON;ND;ND;OUI;1188;42583;0,75;1,5;3;4,5;6;9;12;21;24;27;27;27;27;27;19;62;177;645;2018-02-01;62;177;645;40;0,8;43;124;452;10;;;11E 11F 11G 11H 11J 11K 11L 12E 12G 12H 12J 12M 12N 12P 12R 20E 20F 20G 20H 20J 20K 20L 20M 20N 20P 20R;0,2;0,4;7,2;NON;ND;ND;NON;ND;1613;NON;"{""type"": ""Point"", ""coordinates"": [2.399025505450179, 48.8470537249434]}";48.8470537249, 2.39902550545
119;75;CHAMPAGNY;15/M RUE CASIMIR PÉRIER;15 M RUE CASIMIR PERIER;E1;7;SAEMES;WWW.SAEMES.FR;01 44 82 99 99;190;;ABONNES;POUR ABONNES;NON;NON;NON;NON;NON;42917;ND;ND;NON;ND;ND;NON;ND;ND;ND;ND;ND;ND;ND;ND;ND;ND;ND;ND;ND;ND;ND;ND;0;ND;ND;ND;2018-02-01;ND;ND;ND;0;ND;ND;ND;ND;ND;;;ND;ND;ND;ND;NON;ND;ND;NON;ND;3384;NON;"{""type"": ""Point"", ""coordinates"": [2.319465275643434, 48.85800094278465]}";48.8580009428, 2.31946527564
128;95;SAXE (SURFACE);54/M AVENUE DE SAXE;54 M AVENUE DE SAXE;E1;7;SAEMES;WWW.SAEMES.FR;01 44 82 99 99;200;;ABONNES;POUR ABONNES;ACCESSIBLE DE PLAIN PIED;NON;OUI;OUI;NON;43101;135;1350;OUI;810;1080;NON;ND;ND;ND;ND;ND;ND;ND;ND;ND;ND;ND;ND;ND;ND;ND;ND;2;67,5;192,5;675;2018-02-01;67,5;192,5;675;0;ND;ND;ND;ND;ND;;;6F 7H 7J 7K 7M 7N 14N 15G 15H 15J 15K;ND;ND;ND;NON;ND;ND;NON;ND;ND;NON;"{""type"": ""Point"", ""coordinates"": [2.312256830911313, 48.84687921124817]}";48.8468792112, 2.31225683091
136;107;CHAMPS ELYSEES;62 TER ET 113 AVENUE DES CHAMPS ELYSÉES;62 TER AVENUE DES CHAMPS ELYSEES;E1;8;INDIGO;WWW.PARKINDIGO.FR;01 45 61 40 79;190;;VISITEURS ET ABONNES;24h / 24;OUI;OUI;NON;NON;NON;42583;264;2626,5;NON;ND;ND;OUI;1838,55;42614;1,2;2,4;4,8;7,2;9,6;14,4;19,2;33,6;38,4;39,6;39,6;39,6;39,6;39,6;11;ND;ND;ND;2018-02-01;132;367;1313,25;40;ND;72;206;727;ND;;;8E 8F 8G 8H 8J 16E 16F 16G 16H 16I 16J 17E;ND;ND;ND;NON;ND;ND;NON;ND;ND;NON;"{""type"": ""Point"", ""coordinates"": [2.305566100972097, 48.87079308291481]}";48.8707930829, 2.30556610097
139;24;CONCORDE;12 PLACE DE LA CONCORDE;12 PLACE DE LA CONCORDE;E1;8;INDIGO;WWW.PARKINDIGO.FR;01 43 12 80 70;190;;VISITEURS ET ABONNES;24h / 24;NON;OUI;OUI;OUI;NON;42583;233;2342;OUI;1404;1872;NON;ND;42186;1,1;2,2;4,4;6,6;8,8;13,2;17,6;30,8;35,2;39,6;39,6;39,6;39,6;39,6;10;116,5;332;1171;2018-02-01;116,5;332;1171;17;1,2;71;202;732;10,4;;;1E 2E 7G 7L 8E 8H 9G;0,3;0,6;11;NON;ND;ND;NON;ND;2937,6;NON;"{""type"": ""Point"", ""coordinates"": [2.320342148012244, 48.86691852270106]}";48.8669185227, 2.32034214801
141;178;ETOILE FRIEDLAND;14 TER ET 39 TER AVENUE FRIEDLAND;39 TER AVENUE FRIEDLAND;E2;8;INDIGO;WWW.PARKINDIGO.FR;01 42 89 69 64;190;;VISITEURS ET ABONNES;24h / 24;OUI;OUI;NON;NON;NON;42583;292;2936;NON;ND;ND;NON;ND;42614;1,2;2,4;4,8;7,2;9,6;14,4;19,2;33,6;38,4;39,6;39,6;39,6;39,6;39,6;6;ND;ND;ND;2018-02-01;ND;ND;1468;5;ND;ND;ND;ND;ND;;;ND;ND;ND;ND;NON;ND;ND;NON;ND;ND;NON;"{""type"": ""Point"", ""coordinates"": [2.299328880991764, 48.87401057683926]}";48.8740105768, 2.29932888099
143;20;GEORGE V;113 AVENUE DES CHAMPS-ELYSEES, 32 TER AVENUE GEORGE V;113 AVENUE DES CHAMPS ELYSEES;E1;8;INDIGO;WWW.PARKINDIGO.FR;01 47 20 02 68;190;;VISITEURS ET ABONNES;24h / 24;OUI, MAIS TRAVAUX D'ACCESSIBILITE AUX HANDICAPES A REALISER;OUI;NON;OUI;OUI;42583;265;2756;NON;ND;ND;OUI;1929,2;42614;1,2;2,4;4,8;7,2;9,6;14,4;19,2;33,6;38,4;39,6;39,6;39,6;39,6;39,6;17;ND;ND;ND;2018-02-01;132,5;377,5;1378;25;ND;108;308;1084;ND;;;8E 8F 8G 8H 8J 16E 16F 16G 16H 16I 16J 17E;ND;ND;ND;NON;ND;ND;NON;ND;4156,5;NON;"{""type"": ""Point"", ""coordinates"": [2.299521450353727, 48.87214538297763]}";48.872145383, 2.29952145035
145;31;HAUSSMANN BERRI;163 TER ET 164 TER BOULEVARD HAUSSMANN;163 TER BOULEVARD HAUSSMANN;E1;8;INDIGO;WWW.PARKINDIGO.FR;01 45 63 94 62;190;;VISITEURS ET ABONNES;24h / 24;NON;OUI;NON;NON;NON;42583;285;2844;NON;ND;ND;OUI;1990,8;42614;1,2;2,4;4,8;7,2;9,6;14,4;19,2;33,6;38,4;39,6;39,6;39,6;39,6;39,6;3;ND;ND;ND;2018-02-01;ND;ND;1422;24;ND;ND;317;ND;ND;;;8E 8F 8G 8H 8J 8K 8L 17E 17H 17J 17K 17L 17P 17R;ND;ND;ND;NON;ND;ND;NON;ND;3243,6;NON;"{""type"": ""Point"", ""coordinates"": [2.308647920817447, 48.87485716236071]}";48.8748571624, 2.30864792082
149;30;MADELEINE TRONCHET;21/M PLACE DE LA MADELEINE;21 M PLACE DE LA MADELEINE;E1;8;INDIGO;WWW.PARKINDIGO.FR;01 47 42 30 86;190;;VISITEURS ET ABONNES;24h / 24;OUI;OUI;OUI;OUI;OUI;42583;306;3060;OUI;1836;2448;NON;ND;42552;1,15;2,3;4,6;6,9;9,2;13,8;18,4;32,2;36,8;39,6;39,6;39,6;39,6;39,6;20;153;429;1530;2018-02-01;153;429;1530;153;1,6;105;294;1050;11,5;;;1E 2E 8E 8F 8G 8H 8J 8K 8L 9E 9G;0,4;0,8;13,6;OUI;630;840;NON;ND;3564;NON;"{""type"": ""Point"", ""coordinates"": [2.324184540052934, 48.871004264181394]}";48.8710042642, 2.32418454005
102;84;MAUBERT COLLEGE DES BERNARDINS;39 TER BOULEVARD SAINT-GERMAIN;39 TER BOULEVARD SAINT GERMAIN;E1;5;SAEMES;WWW.SAEMES.FR;01 43 26 97 01;185;;VISITEURS ET ABONNES;24h / 24;OUI;OUI;OUI;OUI;OUI;42917;213,5;2135;NON;ND;ND;NON;ND;42339;1;2;4;6;8;12;16;28;32;36;36;36;36;36;1;106,75;298,9;1067,5;2018-02-01;106,75;298,9;1067,5;13;1,35;74,7;209;747;15;;;ND;0,3;0,65;12,55;NON;ND;ND;NON;ND;2669;NON;"{""type"": ""Point"", ""coordinates"": [2.350998190017846, 48.84942929966413]}";48.8494292997, 2.35099819002
109;3;ECOLE DE MEDECINE;8 TER RUE DE L'ÉCOLE DE MÉDECINE;8 TER RUE DE L ECOLE DE MEDECINE;E1;6;SAEMES;WWW.SAEMES.FR;01 43 29 61 38;190;;VISITEURS ET ABONNES;24h / 24;OUI;OUI;OUI;OUI;OUI;42552;270;2754;OUI;1652;2203;NON;ND;42186;1;2;4;6;8;12;16;28;32;36;36;36;36;36;6;135;385;1377;2018-02-01;135;385;1377;17;1,4;94,5;269,3;955;15;;;4E 5E 5F 5G 5H 5J 6E 6F 6G 7L 7M 7N;0,4;0,7;12,6;NON;ND;ND;NON;ND;3414;NON;"{""type"": ""Point"", ""coordinates"": [2.3411273746428423, 48.85094609836075]}";48.8509460984, 2.34112737464
74;182;BIBLIOTHEQUE F. MITTERRAND (RIVE GAUCHE);19 RUE EMILE DURKHEIM, 24 RUE NEUVE TOLBIAC;24 RUE NEUVE TOLBIAC;E2;13;INDIGO;WWW.PARKINDIGO.FR;01 44 06 60 50;190;;VISITEURS ET ABONNES;24h / 24;OUI;OUI;OUI;OUI;OUI;42614;235;2350;OUI;1410;1880;NON;ND;42614;0,9;1,8;3,6;5,4;7,2;10,8;14,4;25,2;28,8;32,4;32,4;32,4;32,4;32,4;11;118;329;1175;2018-02-01;118;329;1175;16;1,2;82;230;823;10;654329.957;6859219.484;5F 12E 12F 13J 13K 13L 13M 13N 13P 13R 13S;0,3;0,6;10,8;OUI;493,5;658;NON;ND;2938;NON;"{""type"": ""Point"", ""coordinates"": [2.377863969588443, 48.83141225312946]}";48.8314122531, 2.37786396959
31;8;LES HALLES ST EUSTACHE;22 RUE DES HALLES;22 RUE DES HALLES;E1;1;SAEMES;WWW.SAEMES.FR;01 42 36 57 37;185;;VISITEURS ET ABONNES;24h / 24;OUI, MAIS TRAVAUX D'ACCESSIBILITE AUX HANDICAPES A REALISER;OUI;OUI;OUI;OUI;42186;260;2600;OUI;1560;2080;NON;ND;42186;0,95;1,9;3,8;5,7;7,6;11,4;15,2;26,6;30,4;34,2;34,2;34,2;34,2;34,2;5;130;360;1300;2018-02-01;130;360;1300;16;1,3;91;252;910;15;652057.879;6862433.174;TROIS PREMIERS ARRONDISSEMENTS;0,35;0,7;11,7;NON;ND;ND;OUI;765;3250;NON;"{""type"": ""Point"", ""coordinates"": [2.346551896305018, 48.86014793509658]}";48.8601479351, 2.34655189631
58;22;PORTE D AUTEUIL;8 AVENUE DU GÉNÉRAL SARRAIL;8 AVENUE DU GENERAL SARRAIL;E1;16;SPIE AUTOCITE;WWW.AUTOCITE.FR;01 46 51 90 18;185;;VISITEURS ET ABONNES;24h / 24;OUI;OUI;OUI;OUI;NON;42370;143;1430;OUI;858;1144;NON;ND;43101;1;2;4;6;8;12;16;28;32;36;40;44;44;44;23;71,5;200,2;715;2018-02-01;71,5;200,2;715;30;1,4;50,05;140,1;500,5;12;645404.0842;6860973.704;16R 16S 16T 16U 16V 16W 16X 16Y 16Z;0,35;0,7;15,4;OUI;300,3;400,4;NON;ND;1787,5;NON;"{""type"": ""Point"", ""coordinates"": [2.2560535431737962, 48.84649361013941]}";48.8464936101, 2.25605354317
34;117;MAINE BASCH ALESIA;204 ET 205  AVENUE DU MAINE;204 AVENUE DU MAINE;E1;14;INDIGO;WWW.PARKINDIGO.FR;01 43 20 56 99;185;;VISITEURS ET ABONNES;24h / 24;OUI;OUI;OUI;OUI;OUI;42583;193;2007;NON;ND;ND;NON;ND;42736;1,05;2,1;4,2;6,3;8,4;12,6;16,8;29,4;33,6;37,8;37,8;37,8;37,8;37,8;10;96,5;275;1004;2018-02-01;96,5;275;1004;48;1,2;68;194;707;10;650495.0137;6859117.838;ND;0,3;0,6;10,8;NON;ND;ND;NON;ND;2509;NON;"{""type"": ""Point"", ""coordinates"": [2.325637068308894, 48.83021499784253]}";48.8302149978, 2.32563706831
55;53;PLACE VICTOR HUGO;76 AVENUE VICTOR HUGO;76 AVENUE VICTOR HUGO;E1;16;INDIGO;WWW.PARKINDIGO.FR;01 47 04 75 81;190;;VISITEURS ET ABONNES;24h / 24;OUI;OUI;OUI;NON;NON;42583;315;3276;NON;ND;ND;NON;ND;42736;1,15;2,3;4,6;6,9;9,2;13,8;18,4;32,2;36,8;39,6;39,6;39,6;39,6;39,6;6;157,5;449;1638;2018-02-01;157,5;449;1638;28;1,6;110;314;1147;10;647514.3316;6863506.527;ND;0,4;0,8;13,6;NON;ND;ND;NON;ND;4095;NON;"{""type"": ""Point"", ""coordinates"": [2.284494311188787, 48.869446200015354]}";48.8694462, 2.28449431119
81;148;WILSON 1 (SURFACE);38 AVENUE DU PRÉSIDENT WILSON;38 AVENUE DU PRESIDENT WILSON;E1;16;SAEMES;WWW.SAEMES.FR;01 44 82 99 99;200;;ABONNES;POUR ABONNES;ACCESSIBLE DE PLAIN PIED;NON;OUI;NON;NON;43101;135;1350;OUI;810;1080;NON;ND;ND;ND;ND;ND;ND;ND;ND;ND;ND;ND;ND;ND;ND;ND;ND;1;67,5;192,5;675;2018-02-01;67,5;192,5;675;0;ND;ND;ND;ND;ND;647895.5878;6862879.841;16F 16G 16H 16I 16J 16K;ND;ND;ND;NON;ND;ND;NON;ND;ND;NON;"{""type"": ""Point"", ""coordinates"": [2.289768307855145, 48.86384150892645]}";48.8638415089, 2.28976830786
76;138;VERSAILLES REYNAUD;178 AVENUE DE VERSAILLES;178 AVENUE DE VERSAILLES;E1;16;INDIGO;WWW.PARKINDIGO.FR;01 40 71 63 43;190;;VISITEURS ET ABONNES;24h / 24;OUI;OUI;OUI;NON;NON;42583;206;2142;NON;ND;ND;NON;ND;42614;1,1;2,2;4,4;6,6;8,8;13,2;17,6;30,8;35,2;39,6;39,6;39,6;39,6;39,6;1;ND;ND;ND;2018-02-01;ND;ND;1071;20;ND;91;259;946;ND;645871.6408;6860215.32;ND;ND;ND;ND;NON;ND;ND;NON;ND;ND;NON;"{""type"": ""Point"", ""coordinates"": [2.262520803329149, 48.83971296441354]}";48.8397129644, 2.26252080333
39;102;MAIRIE DU 19EME;5 RUE ANDRÉ DUBOIS;5 RUE ANDRE DUBOIS;E1;19;SAEMES;WWW.SAEMES.FR;01 44 82 99 99;190;;ABONNES;POUR ABONNES;NON;NON;NON;NON;OUI;42917;ND;ND;NON;ND;ND;NON;ND;ND;ND;ND;ND;ND;ND;ND;ND;ND;ND;ND;ND;ND;ND;ND;2;ND;ND;ND;2018-02-01;ND;ND;ND;13;ND;67;180;665;ND;654659.506;6865010.605;ND;ND;ND;ND;NON;ND;ND;NON;ND;1663;NON;"{""type"": ""Point"", ""coordinates"": [2.381735360133649, 48.88351464193063]}";48.8835146419, 2.38173536013
54;79;PEREIRE;211 BOULEVARD PÉREIRE;211 BOULEVARD PEREIRE;E1;17;SAEMES;WWW.SAEMES.FR;01 44 82 99 99;200;;ABONNES;POUR ABONNES;NON;OUI;NON;NON;NON;42552;ND;1910;NON;ND;ND;NON;ND;ND;ND;ND;ND;ND;ND;ND;ND;ND;ND;ND;ND;ND;ND;ND;0;ND;ND;ND;2018-02-01;ND;ND;ND;21;ND;ND;339;1256;ND;647948.9895;6864779.991;ND;ND;ND;ND;NON;ND;ND;NON;ND;3141;NON;"{""type"": ""Point"", ""coordinates"": [2.290263386103299, 48.88093333954066]}";48.8809333395, 2.2902633861
100;70;GAY LUSSAC;45 TER RUE GAY-LUSSAC;45 TER RUE GAY LUSSAC;E1;5;SAEMES;WWW.SAEMES.FR;01 44 82 99 99;195;;ABONNES;POUR ABONNES;NON;NON;NON;NON;NON;42186;ND;ND;NON;ND;ND;NON;ND;ND;ND;ND;ND;ND;ND;ND;ND;ND;ND;ND;ND;ND;ND;ND;0;ND;ND;ND;2018-02-01;ND;ND;ND;6;ND;ND;231;ND;ND;;;ND;ND;ND;ND;NON;ND;ND;NON;ND;1600;NON;"{""type"": ""Point"", ""coordinates"": [2.343445845791666, 48.84183318408147]}";48.8418331841, 2.34344584579
61;38;PORTE DE CLIGNANCOURT;20 AVENUE DE LA PORTE DE CLIGNANCOURT;20 AVENUE DE LA PORTE DE CLIGNANCOURT;E1;18;SAGS;WWW.SAGS.FR;01 42 64 03 82;190;230;VISITEURS ET ABONNES;24h / 24;OUI;OUI;OUI;OUI;NON;43132;106;1060;OUI;422,5;845;NON;ND;43132;0,8;1,6;3,2;4,8;6,4;9,6;12,8;22,4;24;24;24;24;24;24;11;53;148,5;530;2018-02-01;53;148,5;530;33;1,1;37;103;370;10;651950.991;6866858.04;18E 18F 18G 18H 18J 18K 18L 18M 18N 18P 18R 18S 18T;0,25;0,5;8,4;OUI;147,5;295;NON;ND;1325;NON;"{""type"": ""Point"", ""coordinates"": [2.344594506515061, 48.89993149976069]}";48.8999314998, 2.34459450652
71;173;TERNES;4, 38 ET 61 AVENUE DES TERNES;61 AVENUE DES TERNES;E2;17;SPIE AUTOCITE;WWW.AUTOCITE.FR;01 45 72 17 61;185;;VISITEURS ET ABONNES;24h / 24;OUI, MAIS TRAVAUX D'ACCESSIBILITE AUX HANDICAPES A REALISER;OUI;OUI;OUI;NON;42885;235;2350;OUI;1025;1709;NON;ND;43101;1,05;2,1;4,2;6,3;8,4;12,6;16,8;29,4;33,6;37,8;37,8;37,8;37,8;37,8;22;117,5;329;1175;2018-02-01;117,5;329;1175;100;1,45;82,25;230,3;822,5;10;648042.7582;6864573.004;8F 8G 16E 16F 16G 17E 17F 17G 17H 17J 17L 17M 17N;0,4;0,75;13,05;OUI;358,5;598;NON;ND;2937,5;NON;"{""type"": ""Point"", ""coordinates"": [2.291567212340507, 48.879079556256094]}";48.8790795563, 2.29156721234
158;29;BASTILLE;29 BOULEVARD DE LA BASTILLE;29 BOULEVARD DE LA BASTILLE;E1;12;INDIGO;WWW.PARKINDIGO.FR;01 43 46 74 14;190;;VISITEURS ET ABONNES;24h / 24;OUI, MAIS TRAVAUX D'ACCESSIBILITE AUX HANDICAPES A REALISER;OUI;OUI;NON;NON;42583;194;2016;NON;ND;ND;OUI;1412;42583;1;2;4;6;8;12;16;28;32;36;36;36;36;36;7;97;276;1008;2018-02-01;97;276;1008;20;1,2;68;194;706;10,2;;;5F 5G 34F 11G 11H 11K 12E;0,3;0,6;10,8;NON;ND;ND;OUI;493,9;2647;NON;"{""type"": ""Point"", ""coordinates"": [2.368174493103187, 48.84947984785971]}";48.8494798479, 2.3681744931
164;101;MEDITERRANEE;24 ET 40 RUE DE CHÂLON;40 RUE DE CHALON;E1;12;SAEMES;WWW.SAEMES.FR;01 43 07 48 58;190;;VISITEURS ET ABONNES;24h / 24;OUI;OUI;OUI;OUI;NON;42917;294;2940;NON;ND;ND;NON;ND;42552;1,15;2,3;4,6;6,9;9,2;13,8;17,8;29,8;33,8;37,8;37,8;37,8;37,8;37,8;62;147;418,5;1470;2018-02-01;147;418,5;1470;146;1,6;102,9;292,9;1029;15;;;ND;0,4;0,8;13,2;NON;ND;ND;OUI;930;3675;NON;"{""type"": ""Point"", ""coordinates"": [2.375775850241372, 48.844889268372924]}";48.8448892684, 2.37577585024
66;65;PRONY;37 RUE DE PRONY;37 RUE DE PRONY;E1;17;INDIGO;WWW.PARKINDIGO.FR;01 43 80 73 81;190;;ABONNES;POUR ABONNES;NON;NON;NON;NON;NON;ND;ND;ND;NON;ND;ND;NON;ND;ND;ND;ND;ND;ND;ND;ND;ND;ND;ND;ND;ND;ND;ND;ND;0;ND;ND;ND;2018-02-01;ND;ND;ND;0;ND;ND;ND;ND;ND;649093.5449;6864832.802;ND;ND;ND;ND;NON;ND;ND;NON;ND;ND;OUI;"{""type"": ""Point"", ""coordinates"": [2.305862719552195, 48.88149975076604]}";48.8814997508, 2.30586271955
157;126;RECOLLETS;3 PASSAGE DES RÉCOLLETS;3 PASSAGE DES RECOLLETS;E1;10;SAEMES;WWW.SAEMES.FR;01 44 82 99 99;200;;ABONNES;POUR ABONNES;OUI;OUI;NON;NON;OUI;42917;168;1747;NON;ND;ND;NON;ND;ND;ND;ND;ND;ND;ND;ND;ND;ND;ND;ND;ND;ND;ND;ND;0;ND;ND;ND;2018-02-01;ND;ND;ND;9;ND;84;231;874;ND;;;ND;ND;ND;ND;NON;ND;ND;NON;ND;3360;NON;"{""type"": ""Point"", ""coordinates"": [2.359111673239866, 48.87422094015093]}";48.8742209402, 2.35911167324
162;115;HECTOR MALOT;61 TER AVENUE DAUMESNIL;61 TER AVENUE DAUMESNIL;E1;12;SAEMES;WWW.SAEMES.FR;01 44 82 99 99;200;;ABONNES;POUR ABONNES;OUI;OUI;OUI;NON;NON;42917;ND;ND;NON;ND;ND;NON;ND;ND;ND;ND;ND;ND;ND;ND;ND;ND;ND;ND;ND;ND;ND;ND;6;ND;ND;ND;2018-02-01;ND;ND;ND;36;ND;73;189;722;15;;;ND;ND;ND;ND;NON;ND;ND;NON;ND;1805;NON;"{""type"": ""Point"", ""coordinates"": [2.376361039976028, 48.84699943416987]}";48.8469994342, 2.37636103998
11;152;CITE DE LA MODE AUSTERLITZ (RIVE GAUCHE);29 QUAI D'AUSTERLITZ;29 QUAI D AUSTERLITZ;E1;13;INDIGO;WWW.PARKINDIGO.FR;01 44 24 20 13;190;;VISITEURS ET ABONNES;24h / 24;OUI;OUI;OUI;NON;NON;42614;235;2350;OUI;1410;1880;NON;ND;42614;0,9;1,8;3,6;5,4;7,2;10,8;14,4;25,2;28,8;32,4;32,4;32,4;32,4;32,4;18;118;329;1175;2018-02-01;118;329;1175;0;1,2;82;230;823;10;653854.0258;6860095.55;5F 12E 12F 13J 13K 13L 13M 13N 13P 13R 13S;0,3;0,6;10,8;OUI;493,5;658;NON;ND;2938;NON;"{""type"": ""Point"", ""coordinates"": [2.371285892622528, 48.83925689960961]}";48.8392568996, 2.37128589262
18;12;FOCH;4, 37 ET 47 AVENUE FOCH;37 AVENUE FOCH;E1;16;SPIE AUTOCITE;WWW.AUTOCITE.FR;01 45 00 44 78;190;;VISITEURS ET ABONNES;24h / 24;OUI;OUI;OUI;OUI;NON;42370;295;2950;NON;ND;ND;OUI;2065;43101;2,2;3,3;4,4;6,6;8,8;13,2;17,6;30,8;35,2;39,6;44;44;44;44;8;147,5;413;1475;2018-02-01;147,5;413;1475;18;1,5;103,25;289,1;1032,5;10;647569.2869;6863811.967;TOUT PARIS;0,75;1,15;15,4;NON;ND;ND;OUI;722,75;3687,5;NON;"{""type"": ""Point"", ""coordinates"": [2.285205751250707, 48.87219740665103]}";48.8721974067, 2.28520575125
19;165;FOCH;4, 37 ET 47 AVENUE FOCH;4 AVENUE FOCH;E2;16;SPIE AUTOCITE;WWW.AUTOCITE.FR;01 45 00 44 78;190;;VISITEURS ET ABONNES;24h / 24;OUI;OUI;OUI;OUI;NON;42370;295;2950;NON;ND;ND;OUI;2065;43101;2,2;3,3;4,4;6,6;8,8;13,2;17,6;30,8;35,2;39,6;44;44;44;44;8;147,5;413;1475;2018-02-01;147,5;413;1475;18;1,5;103,25;289,1;1032,5;10;648088.5671;6863976.62;TOUT PARIS;0,75;1,15;15,4;NON;ND;ND;OUI;722,75;3687,5;NON;"{""type"": ""Point"", ""coordinates"": [2.292264661090535, 48.87372014795576]}";48.873720148, 2.29226466109
5;94;CAMBRONNE (SURFACE);8 BOULEVARD GARIBALDI;8 BOULEVARD GARIBALDI;E1;15;SAEMES;WWW.SAEMES.FR;01 44 82 99 99;200;;ABONNES;POUR ABONNES;ACCESSIBLE DE PLAIN PIED;NON;OUI;OUI;OUI;43101;105,2;1052;OUI;631;841;NON;ND;ND;ND;ND;ND;ND;ND;ND;ND;ND;ND;ND;ND;ND;ND;ND;3;52,6;150;526;2018-02-01;52,6;150;526;0;ND;ND;ND;ND;ND;648838.7378;6861035.772;7F 7H 7J 7K 15E 15F 15G 15K 15L 15M 15P;ND;ND;ND;NON;ND;ND;NON;ND;ND;NON;"{""type"": ""Point"", ""coordinates"": [2.302845568397108, 48.84733364684007]}";48.8473336468, 2.3028455684
10;119;CHARLETY THOMIRE;12 RUE THOMIRE;12 RUE THOMIRE;E1;13;SAEMES;WWW.SAEMES.FR;01 44 82 99 99;190;;ABONNES;POUR ABONNES;OUI;OUI;NON;NON;NON;42917;91;946;NON;ND;ND;NON;ND;ND;ND;ND;ND;ND;ND;ND;ND;ND;ND;ND;ND;ND;ND;ND;26;ND;ND;ND;2018-02-01;ND;ND;ND;24;ND;37;ND;379;ND;652166.7377;6857866.345;ND;ND;ND;ND;NON;ND;ND;NON;ND;ND;NON;"{""type"": ""Point"", ""coordinates"": [2.348549088885551, 48.81908635497679]}";48.819086355, 2.34854908889
16;13;EYLAU;6 AVENUE D'EYLAU;6 AVENUE D EYLAU;E1;16;INDIGO;WWW.PARKINDIGO.FR;01 47 04 75 81;190;;ABONNES;POUR ABONNES;NON;NON;NON;NON;NON;ND;ND;ND;NON;ND;ND;NON;ND;ND;ND;ND;ND;ND;ND;ND;ND;ND;ND;ND;ND;ND;ND;ND;0;ND;ND;ND;2018-02-01;ND;ND;ND;0;ND;ND;ND;ND;ND;647627.2561;6862887.886;ND;ND;ND;ND;NON;ND;ND;NON;ND;ND;OUI;"{""type"": ""Point"", ""coordinates"": [2.286109904018239, 48.86389210319559]}";48.8638921032, 2.28610990402
15;111;DIDOT;4 RUE DIDOT;4 RUE DIDOT;E1;14;SAEMES;WWW.SAEMES.FR;01 44 82 99 99;190;;ABONNES;POUR ABONNES;OUI;OUI;NON;NON;OUI;42917;ND;ND;NON;ND;ND;NON;ND;ND;ND;ND;ND;ND;ND;ND;ND;ND;ND;ND;ND;ND;ND;ND;4;ND;ND;ND;2018-02-01;ND;ND;ND;15;ND;69;172;660;ND;650192.8852;6859530.459;ND;ND;ND;ND;NON;ND;ND;NON;ND;1649;NON;"{""type"": ""Point"", ""coordinates"": [2.321473340944152, 48.83390245079516]}";48.8339024508, 2.32147334094
4;48;BOURSE;12 PLACE DE LA BOURSE;12 PLACE DE LA BOURSE;E1;2;INDIGO;WWW.PARKINDIGO.FR;01 42 96 47 04;190;;VISITEURS ET ABONNES;24h / 24;NON;OUI;OUI;OUI;OUI;42583;357;3914;NON;ND;ND;OUI;2739,8;42614;1,2;2,4;4,8;7,2;9,6;14,4;19,2;33,6;38,4;39,6;39,6;39,6;39,6;39,6;3;ND;ND;ND;2018-02-01;ND;ND;1957;64;ND;75;213,75;825;10;651653.9829;6863512.304;1E 2E 3E 9E 9F 9G 10F 10G;ND;ND;ND;NON;ND;ND;NON;ND;ND;NON;"{""type"": ""Point"", ""coordinates"": [2.340924308094133, 48.86982217581348]}";48.8698221758, 2.34092430809
9;120;CHARLETY COUBERTIN;31 AVENUE PIERRE DE COUBERTIN;31 AVENUE PIERRE DE COUBERTIN;E1;13;SAEMES;WWW.SAEMES.FR;01 45 65 25 61;185;;VISITEURS ET ABONNES;24h / 24;OUI, MAIS TRAVAUX D'ACCESSIBILITE AUX HANDICAPES A REALISER;OUI;OUI;OUI;NON;42917;120;1308;NON;ND;ND;OUI;915,6;42186;0,9;1,8;3,6;5,4;7,2;10,8;14,4;25,2;28,8;32,4;32,4;32,4;32,4;32,4;5;ND;ND;ND;2018-02-01;60;167,5;654;16;ND;48;134;523;15;651855.0248;6857660.777;13E 13F 13G 13L 13M 13N 14H;ND;ND;ND;NON;ND;ND;OUI;392;1635;NON;"{""type"": ""Point"", ""coordinates"": [2.3443272489501013, 48.81721443565874]}";48.8172144357, 2.34432724895
24;90;GRENELLE 1 (SURFACE);31 BOULEVARD DE GRENELLE;31 BOULEVARD DE GRENELLE;E1;15;SAEMES;WWW.SAEMES.FR;01 44 82 99 99;200;;ABONNES;POUR ABONNES;ACCESSIBLE DE PLAIN PIED;NON;OUI;OUI;OUI;43101;105,2;1052;OUI;631;841;NON;ND;ND;ND;ND;ND;ND;ND;ND;ND;ND;ND;ND;ND;ND;ND;ND;1;52,6;150;526;2018-02-01;52,6;150;526;0;ND;ND;ND;ND;ND;647977.4012;6861626.874;7E 7F 7H 15E 15F 15L 15M 15P 16P 16T;ND;ND;ND;NON;ND;ND;NON;ND;ND;NON;"{""type"": ""Point"", ""coordinates"": [2.291036781086904, 48.85258039981752]}";48.8525803998, 2.29103678109
32;112;MAC MAHON;17 AVENUE MAC MAHON;17 AVENUE MAC MAHON;E1;17;INDIGO;WWW.PARKINDIGO.FR;01 45 74 65 66;190;;VISITEURS ET ABONNES;24h / 24;OUI, MAIS TRAVAUX D'ACCESSIBILITE AUX HANDICAPES A REALISER;OUI;OUI;NON;NON;42583;248;2579;OUI;1547,25;2063;NON;ND;42736;1,05;2,1;4,2;6,3;8,4;12,6;16,8;29,4;33,6;36,8;36,8;36,8;36,8;36,8;6;124;353;1290;2018-02-01;124;353;1290;15;1,2;87;248;905;10;648242.945;6864272.527;8F 8G 16E 16F 16G 17E 17F 17H 17J;0,3;0,6;10,4;OUI;541,5;722;NON;ND;3224;NON;"{""type"": ""Point"", ""coordinates"": [2.294333210233796, 48.876393581056924]}";48.8763935811, 2.29433321023
37;21;MAIRIE DU 15 EME LECOURBE;141 RUE LECOURBE;141 RUE LECOURBE;E1;15;SAEMES;WWW.SAEMES.FR;ND;190;;VISITEURS ET ABONNES;24h / 24;OUI, MAIS TRAVAUX D'ACCESSIBILITE AUX HANDICAPES A REALISER;OUI;OUI;OUI;OUI;43132;225;2250;OUI;1350;1800;NON;ND;43132;0,9;1,9;3,8;5,7;7,6;11,4;15,2;26,6;30,4;34,2;34,2;34,2;34,2;34,2;9;112,5;320,65;1125;2018-02-01;112,5;320,65;1125;13;1,3;78,75;224,4;787,5;10;648631.0722;6860406.53;15J 15K 15L 15P 15R 15V;0,3;0,6;11,9;OUI;472,5;630;NON;ND;2812,5;NON;"{""type"": ""Point"", ""coordinates"": [2.300091938883332, 48.84165837971217]}";48.8416583797, 2.30009193888
42;78;MARCADET;142 RUE MARCADET;142 RUE MARCADET;E1;18;SAEMES;WWW.SAEMES.FR;01 44 82 99 99;200;;ABONNES;POUR ABONNES;NON;OUI;NON;NON;NON;42917;ND;ND;NON;ND;ND;NON;ND;ND;ND;ND;ND;ND;ND;ND;ND;ND;ND;ND;ND;ND;ND;ND;0;ND;ND;ND;2018-02-01;ND;ND;ND;10;ND;78;210;784;ND;651526.081;6865905.593;ND;ND;ND;ND;NON;ND;ND;NON;ND;1959;NON;"{""type"": ""Point"", ""coordinates"": [2.338907620507201, 48.89133469362022]}";48.8913346936, 2.33890762051
45;18;MEYERBEER (OPERA);4 RUE DE LA CHAUSSÉE D'ANTIN;4 RUE DE LA CHAUSSEE D ANTIN;E1;9;SAEMES;WWW.SAEMES.FR;01 47 42 95 14;190;;VISITEURS ET ABONNES;24h / 24;OUI;OUI;OUI;OUI;OUI;42736;279;2790;OUI;1215;Comptant;OUI;567;42736;0,95;1,85;3,65;5,5;7,3;10,95;14,6;25,55;29,2;32,85;32,85;32,85;32,85;32,85;11;195;556;1950;2018-02-01;139;397;1390;17;1,25;ND;ND;ND;ND;651155.8835;6863691.089;1E 2E 9E 9F 9G;0,35;0,65;11,3;OUI;425,25;ND;NON;Annuel;3490;NON;"{""type"": ""Point"", ""coordinates"": [2.334113749543752, 48.87139237288018]}";48.8713923729, 2.33411374954
46;113;MILTON;33 RUE MILTON;33 RUE MILTON;E1;9;SAEMES;WWW.SAEMES.FR;01 44 82 99 99;190;;ABONNES;POUR ABONNES;NON;NON;NON;NON;NON;41456;ND;ND;NON;ND;ND;NON;ND;ND;ND;ND;ND;ND;ND;ND;ND;ND;ND;ND;ND;ND;ND;ND;0;ND;ND;ND;2018-02-01;ND;ND;ND;0;ND;ND;ND;ND;ND;651737.3227;6864540.903;ND;ND;ND;ND;NON;ND;ND;NON;ND;ND;OUI;"{""type"": ""Point"", ""coordinates"": [2.341943526250061, 48.87907836779106]}";48.8790783678, 2.34194352625
48;19;MONTPARNASSE;120 ET 141 BOULEVARD MONTPARNASSE;120 BOULEVARD DU MONTPARNASSE;E1;14;INDIGO;WWW.PARKINDIGO.FR;01 45 48 43 30;190;;VISITEURS ET ABONNES;24h / 24;NON;OUI;OUI;NON;NON;42583;209;2174;NON;ND;ND;NON;ND;42614;1,1;2,2;4,4;6,6;8,8;13,2;17,6;30,8;35,2;39,6;39,6;39,6;39,6;39,6;0;ND;ND;ND;2018-02-01;ND;ND;1087;33;ND;79;225;822;ND;650878.1348;6860361.076;ND;ND;ND;ND;NON;ND;ND;NON;ND;2714;NON;"{""type"": ""Point"", ""coordinates"": [2.330712196878272, 48.84142482117866]}";48.8414248212, 2.33071219688
53;142;PASTEUR 2 (SURFACE);69 BOULEVARD PASTEUR;69 BOULEVARD PASTEUR;E1;15;SAEMES;WWW.SAEMES.FR;01 44 82 99 99;200;;ABONNES;POUR ABONNES;ACCESSIBLE DE PLAIN PIED;NON;OUI;NON;OUI;43101;105,2;1052;OUI;631;841;NON;ND;ND;ND;ND;ND;ND;ND;ND;ND;ND;ND;ND;ND;ND;ND;ND;2;52,6;150;526;2018-02-01;52,6;150;526;0;ND;ND;ND;ND;ND;649722.0071;6860306.584;6F 7K 7N 14M 14N 15G 15H 15J 15K 15R;ND;ND;ND;NON;ND;ND;NON;ND;ND;NON;"{""type"": ""Point"", ""coordinates"": [2.314967122989753, 48.84084560813874]}";48.8408456081, 2.31496712299
56;37;PONT DE GRENELLE MAISON DE LA RADIO;116 AVENUE DU PRÉSIDENT KENNEDY;116 AVENUE DU PRESIDENT KENNEDY;E1;16;SAGS;WWW.SAGS.FR;01 45 25 18 90;190;;VISITEURS ET ABONNES;24h / 24;NON;OUI;OUI;OUI;OUI;41735;210;2100;OUI;800;1600;NON;ND;41735;0,9;1,8;3,6;5,4;7,2;10,8;14,4;25,2;28,8;32,4;32,4;32,4;32,4;32,4;6;105;315;1050;2018-02-01;105;315;1050;6;1,2;84;228;840;10;647132.5757;6861586.544;15M 16P 16S 16T 16U;0,3;0,6;10,8;OUI;280;560;NON;ND;2625;NON;"{""type"": ""Point"", ""coordinates"": [2.279529159981994, 48.85214895296255]}";48.852148953, 2.27952915998
75;153;UNIVERSITE DIDEROT (RIVE GAUCHE);31 RUE THOMAS MANN;31 RUE THOMAS MANN;E1;13;INDIGO;WWW.PARKINDIGO.FR;01 44 24 05 37;190;;VISITEURS ET ABONNES;24h / 24;OUI;OUI;OUI;NON;NON;42614;183;1830;OUI;878,4;1464;NON;ND;42614;0,8;1,6;3,2;4,8;6,4;9,6;12,8;22,4;25,6;28,8;28,8;28,8;28,8;28,8;20;92;256;915;2018-02-01;92;256;915;16;0,8;64;179;641;10;654399.5012;6858990.094;TOUT PARIS;0,2;0,4;7,2;OUI;307,2;512;NON;ND;2968;NON;"{""type"": ""Point"", ""coordinates"": [2.378835871417501, 48.82935423573408]}";48.8293542357, 2.37883587142
77;59;VICTOR HUGO POMPE;122 AVENUE VICTOR HUGO;122 AVENUE VICTOR HUGO;E1;16;INDIGO;WWW.PARKINDIGO.FR;01 47 27 22 69;190;;VISITEURS ET ABONNES;24h / 24;NON;NON;OUI;NON;NON;42583;315;3276;NON;ND;ND;NON;ND;42736;1,15;2,3;4,6;6,9;9,2;13,8;18,4;32,2;36,8;39,6;39,6;39,6;39,6;39,6;0;157,5;449;1638;2018-02-01;157,5;449;1638;9;1,6;110;314;1147;10;647228.2267;6863326.622;ND;0,4;0,8;13,6;NON;ND;ND;NON;ND;4095;NON;"{""type"": ""Point"", ""coordinates"": [2.280616572772571, 48.86780498094872]}";48.8678049809, 2.28061657277
82;96;WILSON 2 (SURFACE);16 TER AVENUE DU PRÉSIDENT WILSON;16 TER AVENUE DU PRESIDENT WILSON;E1;16;SAEMES;WWW.SAEMES.FR;01 44 82 99 99;200;;ABONNES;POUR ABONNES;ACCESSIBLE DE PLAIN PIED;NON;OUI;OUI;NON;43101;135;1350;OUI;810;1080;NON;ND;ND;ND;ND;ND;ND;ND;ND;ND;ND;ND;ND;ND;ND;ND;ND;2;67,5;192,5;675;2018-02-01;67,5;192,5;675;0;ND;ND;ND;ND;ND;648115.279;6862966.066;16F 16G 16H 16I 16J 16K;ND;ND;ND;NON;ND;ND;NON;ND;ND;NON;"{""type"": ""Point"", ""coordinates"": [2.292752216238735, 48.86463464939235]}";48.8646346494, 2.29275221624
83;104;CROIX DES PETITS CHAMPS;14 RUE CROIX DES PETITS CHAMPS;14 RUE CROIX DES PETITS CHAMPS;E1;1;INDIGO;WWW.PARKINDIGO.FR;01 47 03 92 21;190;;VISITEURS ET ABONNES;24h / 24;OUI;OUI;OUI;NON;OUI;42583;377;3921;NON;ND;ND;NON;ND;42552;1,15;2,3;4,6;6,9;9,2;13,8;18,4;32,2;36,8;39,6;39,6;39,6;39,6;39,6;7;188,5;537;1960,5;2018-02-01;188,5;537;1960,5;17;1,6;112,2;320;1167,7;10,2;;;ND;0,4;0,8;13,6;NON;ND;ND;NON;ND;4901;NON;"{""type"": ""Point"", ""coordinates"": [2.339968016158395, 48.86325431210127]}";48.8632543121, 2.33996801616
86;52;PYRAMIDES;14 TER ET 29 TER RUE DES PYRAMIDES;14 TER RUE DES PYRAMIDES;E1;1;SAEMES;WWW.SAEMES.FR;01 47 03 02 88;190;;VISITEURS ET ABONNES;24h / 24;OUI;OUI;OUI;OUI;NON;42979;270;2727;OUI;1500;2000;NON;ND;42979;1;2;4;6;8;12;16;28;32;36;36;36;36;36;16;135;371,5;1363,5;2018-02-01;135;371,5;1363,5;46;1,4;94,5;260,05;954,45;10;;;1E 2E;0,35;0,7;12,6;OUI;525;700;NON;ND;3408,7;NON;"{""type"": ""Point"", ""coordinates"": [2.333264515214272, 48.865102106721615]}";48.8651021067, 2.33326451521
99;133;CASERNE MONGE;15 TER RUE GRACIEUSE;15 TER RUE GRACIEUSE;E1;5;SAEMES;WWW.SAEMES.FR;01 44 82 99 99;190;;ABONNES;POUR ABONNES;OUI;OUI;OUI;NON;NON;42917;195;2048;NON;ND;ND;NON;ND;ND;ND;ND;ND;ND;ND;ND;ND;ND;ND;ND;ND;ND;ND;ND;5;61;ND;ND;2018-02-01;ND;ND;ND;12;ND;97;270;1021;ND;;;ND;ND;ND;ND;NON;ND;ND;NON;ND;2552;NON;"{""type"": ""Point"", ""coordinates"": [2.351393607699355, 48.84248421288191]}";48.8424842129, 2.3513936077
60;172;PORTE DE CHAMPERRET;6 AVENUE PORTE DE CHAMPERRET, 21 BOULEVARD DE L'YSER;6 AVENUE PORTE DE CHAMPERRET;E2;17;INDIGO;WWW.PARKINDIGO.FR;01 43 80 73 81;190;;VISITEURS ET ABONNES;24h / 24;OUI, MAIS TRAVAUX D'ACCESSIBILITE AUX HANDICAPES A REALISER;OUI;OUI;OUI;OUI;42583;148;1539;NON;ND;ND;OUI;1082;42767;1;2;4;6;8;12;16;28;32;36;36;36;36;36;29;ND;ND;ND;2018-02-01;74;211;770;37;1,2;72;205;749;16;647766.93;6865394.62;17E 17F 17G 17H 17L 17M 17N;0,3;0,6;10,8;NON;ND;ND;OUI;520;1924;NON;"{""type"": ""Point"", ""coordinates"": [2.287705467789601, 48.88644572907668]}";48.8864457291, 2.28770546779
70;36;TERNES;4, 38 ET 61 AVENUE DES TERNES;38 AVENUE DES TERNES;E1;17;SPIE AUTOCITE;WWW.AUTOCITE.FR;01 45 72 17 61;185;;VISITEURS ET ABONNES;24h / 24;OUI, MAIS TRAVAUX D'ACCESSIBILITE AUX HANDICAPES A REALISER;OUI;OUI;OUI;NON;42885;235;2350;OUI;1025;1709;NON;ND;43101;1,05;2,1;4,2;6,3;8,4;12,6;16,8;29,4;33,6;37,8;37,8;37,8;37,8;37,8;22;117,5;329;1175;2018-02-01;117,5;329;1175;100;1,45;82,25;230,3;822,5;10;648173.0977;6864565.613;8F 8G 16E 16F 16G 17E 17F 17G 17H 17J 17L 17M 17N;0,4;0,75;13,05;OUI;358,5;598;NON;ND;2937,5;NON;"{""type"": ""Point"", ""coordinates"": [2.293345187761946, 48.8790235907566]}";48.8790235908, 2.29334518776
72;174;TERNES;4, 38 ET 61 AVENUE DES TERNES;4 AVENUE DES TERNES;E3;17;SPIE AUTOCITE;WWW.AUTOCITE.FR;01 45 72 17 61;185;;VISITEURS ET ABONNES;24h / 24;OUI, MAIS TRAVAUX D'ACCESSIBILITE AUX HANDICAPES A REALISER;OUI;OUI;OUI;NON;42885;235;2350;OUI;1025;1709;NON;ND;43101;1,05;2,1;4,2;6,3;8,4;12,6;16,8;29,4;33,6;37,8;37,8;37,8;37,8;37,8;22;117,5;329;1175;2018-02-01;117,5;329;1175;100;1,45;82,25;230,3;822,5;10;648436.9019;6864467.727;8F 8G 16E 16F 16G 17E 17F 17G 17H 17J 17L 17M 17N;0,4;0,75;13,05;OUI;358,5;598;NON;ND;2937,5;NON;"{""type"": ""Point"", ""coordinates"": [2.296953824994446, 48.87816450717553]}";48.8781645072, 2.29695382499
151;164;MALESHERBES ANJOU;20 TER ET 35 TER BOULEVARD MALESHERBES;35 TER BOULEVARD MALESHERBES;E2;8;SAGS;WWW.SAGS.FR;ND;190;;VISITEURS ET ABONNES;24h / 24;NON;OUI;NON;NON;NON;43132;280;2800;OUI;1568;2240;NON;ND;43132;1;2;4;6;8;12;16;28;32;36;36;36;36;36;0;140;392;1400;2018-02-01;140;392;1400;19;1,4;98;274,4;980;10;;;1E 2E 8H 8J 8K 8L;0,35;0,7;12,6;OUI;548,8;784;NON;ND;3500;NON;"{""type"": ""Point"", ""coordinates"": [2.320841767855364, 48.87309114334673]}";48.8730911433, 2.32084176786
152;159;ROND POINT (GARAGE);2/M ROND-POINT DES CHAMPS ÉLYSÉES-MARCEL DASSAULT;2 M ROND POINT DES CHAMPS ELYSEES MARCEL DASSAULT;E1;8;SAEMES;WWW.SAEMES.FR;01 44 82 99 99;190;;ABONNES;POUR ABONNES;OUI;OUI;OUI;NON;NON;42917;253;2530;OUI;1416;2024;NON;ND;ND;ND;ND;ND;ND;ND;ND;ND;ND;ND;ND;ND;ND;ND;ND;0;126,5;360,5;1265;2018-02-01;126,5;360,5;1265;0;ND;ND;ND;ND;10;;;1E 2E 7G 7L 8E 8F 8G 8H 8J 8K 9G;ND;ND;ND;NON;ND;ND;NON;ND;3162,5;NON;"{""type"": ""Point"", ""coordinates"": [2.310777751948275, 48.86961490093039]}";48.8696149009, 2.31077775195
156;130;FRANZ LISZT;32 TER RUE DES PETITS HÔTELS;32 TER RUE DES PETITS HOTELS;E1;10;INDIGO;WWW.PARKINDIGO.FR;01 40 16 41 01;190;;VISITEURS ET ABONNES;24h / 24;OUI;OUI;NON;NON;OUI;43053;235;2444;NON;ND;ND;NON;ND;42614;1,1;2,2;4,4;6,6;8,8;13,2;17,6;30,8;35,2;39,6;39,6;39,6;39,6;39,6;6;ND;ND;ND;2018-02-01;ND;ND;1222;26;ND;80;226;827;ND;;;ND;ND;ND;ND;NON;ND;ND;NON;ND;3058;NON;"{""type"": ""Point"", ""coordinates"": [2.352728159838796, 48.87760690959217]}";48.8776069096, 2.35272815984
173;1;AMPERE;93 TER RUE AMPÈRE;93 TER RUE AMPERE;E1;17;INDIGO;WWW.PARKINDIGO.FR;01 43 80 73 81;190;;ABONNES;POUR ABONNES;NON;NON;NON;NON;NON;ND;ND;ND;NON;ND;ND;NON;ND;ND;ND;ND;ND;ND;ND;ND;ND;ND;ND;ND;ND;ND;ND;ND;0;ND;ND;ND;2018-02-01;ND;ND;ND;0;ND;ND;ND;ND;ND;;;17G 17H 17J 17K 17L 17M 17N;ND;ND;ND;NON;ND;ND;NON;ND;ND;OUI;"{""type"": ""Point"", ""coordinates"": [2.2986375129179892, 48.88523836496147]}";48.885238365, 2.29863751292
115;57;SAINT SULPICE;8/M PLACE SAINT SULPICE;8 M PLACE SAINT SULPICE;E1;6;INDIGO;WWW.PARKINDIGO.FR;01 43 25 45 57;190;;VISITEURS ET ABONNES;24h / 24;OUI;OUI;NON;NON;NON;42583;331;3442;NON;ND;ND;NON;ND;42614;1,2;2,4;4,8;7,2;9,6;14,4;19,2;33,6;38,4;39,6;39,6;39,6;39,6;39,6;10;ND;ND;ND;2018-02-01;ND;ND;1721,2;3;ND;132;376,2;1372,8;ND;;;ND;ND;ND;ND;NON;ND;ND;NON;ND;4212;NON;"{""type"": ""Point"", ""coordinates"": [2.333610378107826, 48.851437144716265]}";48.8514371447, 2.33361037811
117;121;SAINTS PERES;47 TER RUE JACOB;47 TER RUE JACOB;E1;6;INDIGO;WWW.PARKINDIGO.FR;01 45 49 18 55;190;;ABONNES;POUR ABONNES;NON;OUI;NON;NON;NON;42583;ND;ND;NON;ND;ND;NON;ND;ND;ND;ND;ND;ND;ND;ND;ND;ND;ND;ND;ND;ND;ND;ND;0;ND;ND;ND;2018-02-01;ND;ND;ND;5;ND;108;308;1124;ND;;;ND;ND;ND;ND;NON;ND;ND;NON;ND;3456;OUI;"{""type"": ""Point"", ""coordinates"": [2.332242717559798, 48.85599912646211]}";48.8559991265, 2.33224271756
118;42;BAC MONTALEMBERT;39 RUE DU BAC;39 RUE DU BAC;E1;7;INDIGO;WWW.PARKINDIGO.FR;01 42 22 15 66;190;;VISITEURS ET ABONNES;24h / 24;OUI;OUI;OUI;OUI;NON;42583;398;4139;OUI;2483,4;3311,2;NON;ND;42552;1,15;2,3;4,6;6,9;9,2;13,8;18,4;32,2;36,8;39,6;39,6;39,6;39,6;39,6;9;199;567;2069,5;2018-02-01;199;567;2069,5;13;1,6;139;396;1448,5;12,6;;;1E 6E 7G 7J 7L 7M 8E;0,4;0,8;13,6;OUI;869,1;1158,8;NON;ND;5630;NON;"{""type"": ""Point"", ""coordinates"": [2.326962489728768, 48.85658680913102]}";48.8565868091, 2.32696248973
123;184;JOFFRE;2 TER ET 6 TER PLACE JOFFRE, 14 AVENUE FRÉDÉRIC LE PLAY;6 TER PLACE JOFFRE;E2;7;INDIGO;WWW.PARKINDIGO.FR;01 45 48 43 30;190;;VISITEURS ET ABONNES;24h / 24;ACCESSIBLE DE PLAIN PIED;OUI;OUI;NON;OUI;42370;191;1986;NON;ND;ND;NON;ND;42736;1,15;2,3;4,6;6,9;9,2;13,8;18,4;32,2;36,8;39,6;39,6;39,6;39,6;39,6;1;95,5;272;993;2018-02-01;95,5;272;993;19;1,6;76;218;799;10;;;ND;0,4;0,8;13,6;NON;ND;ND;NON;ND;3110;NON;"{""type"": ""Point"", ""coordinates"": [2.303923035302143, 48.854074566653914]}";48.8540745667, 2.3039230353
126;92;ORSAY 1 (SURFACE);87/M QUAI D'ORSAY;87 M QUAI D ORSAY;E1;7;SAEMES;WWW.SAEMES.FR;01 44 82 99 99;200;;ABONNES;POUR ABONNES;ACCESSIBLE DE PLAIN PIED;NON;OUI;NON;NON;43101;135;1350;OUI;810;1080;NON;ND;ND;ND;ND;ND;ND;ND;ND;ND;ND;ND;ND;ND;ND;ND;ND;1;67,5;192,5;675;2018-02-01;67,5;192,5;675;0;ND;ND;ND;ND;ND;;;7E 7F 7G 7J 7L 7M 8E 16H;ND;ND;ND;NON;ND;ND;NON;ND;ND;NON;"{""type"": ""Point"", ""coordinates"": [2.3028915722889582, 48.86230842226396]}";48.8623084223, 2.30289157229
132;187;SUFFREN;8 TER PLACE JOFFRE, 13 AVENUE ÉMILE ACOLLAS, 77 AVENUE DE SUFFREN;77 AVENUE DE SUFFREN;E3;7;INDIGO;WWW.PARKINDIGO.FR;01 45 48 43 30;190;;ABONNES;POUR ABONNES;ACCESSIBLE DE PLAIN PIED;NON;NON;NON;NON;ND;ND;ND;NON;ND;ND;NON;ND;ND;ND;ND;ND;ND;ND;ND;ND;ND;ND;ND;ND;ND;ND;ND;0;ND;ND;ND;2018-02-01;ND;ND;ND;0;ND;ND;ND;ND;ND;;;ND;ND;ND;ND;NON;ND;ND;NON;ND;ND;OUI;"{""type"": ""Point"", ""coordinates"": [2.300656792871296, 48.85146001526384]}";48.8514600153, 2.30065679287
140;109;ETOILE FRIEDLAND;14 TER ET 39 TER AVENUE FRIEDLAND;14 TER AVENUE FRIEDLAND;E1;8;INDIGO;WWW.PARKINDIGO.FR;01 42 89 69 64;190;;VISITEURS ET ABONNES;24h / 24;OUI;OUI;NON;NON;NON;42583;292;2936;NON;ND;ND;NON;ND;42614;1,2;2,4;4,8;7,2;9,6;14,4;19,2;33,6;38,4;39,6;39,6;39,6;39,6;39,6;6;ND;ND;ND;2018-02-01;ND;ND;1468;5;ND;ND;ND;ND;ND;;;ND;ND;ND;ND;NON;ND;ND;NON;ND;ND;NON;"{""type"": ""Point"", ""coordinates"": [2.301317869975955, 48.87461524657534]}";48.8746152466, 2.30131786998
144;169;GEORGE V;113 AVENUE DES CHAMPS-ELYSEES, 32 TER AVENUE GEORGE V;32 TER AVENUE GEORGE V;E2;8;INDIGO;WWW.PARKINDIGO.FR;01 47 20 02 68;190;;VISITEURS ET ABONNES;24h / 24;OUI, MAIS TRAVAUX D'ACCESSIBILITE AUX HANDICAPES A REALISER;OUI;NON;OUI;OUI;42583;265;2756;NON;ND;ND;OUI;1929,2;42614;1,2;2,4;4,8;7,2;9,6;14,4;19,2;33,6;38,4;39,6;39,6;39,6;39,6;39,6;17;ND;ND;ND;2018-02-01;132,5;377,5;1378;25;ND;108;308;1084;ND;;;8E 8F 8G 8H 8J 16E 16F 16G 16H 16I 16J 17E;ND;ND;ND;NON;ND;ND;NON;ND;4156,5;NON;"{""type"": ""Point"", ""coordinates"": [2.301389023351347, 48.86890385749859]}";48.8689038575, 2.30138902335
106;50;SOUFFLOT;18/M ET 19 TER RUE SOUFFLOT;18 M RUE SOUFFLOT;E1;5;INDIGO;WWW.PARKINDIGO.FR;01 43 26 15 54;190;;VISITEURS ET ABONNES;24h / 24;OUI;OUI;OUI;OUI;OUI;42583;239;2486;NON;ND;ND;NON;ND;42736;1,05;2,1;4,2;6,3;8,4;12,6;16,8;29,4;33,6;37,8;37,8;37,8;37,8;37,8;2;119,5;341;1243;2018-02-01;119,5;341;1243;32;1,2;83,6;238,7;870,1;10,1;;;ND;0,3;0,6;10,8;NON;ND;ND;NON;ND;3077;NON;"{""type"": ""Point"", ""coordinates"": [2.342468378736751, 48.84714280122965]}";48.8471428012, 2.34246837874
